Race_id;Time;AirTemp;Humidity;Pressure;Rainfall;TrackTemp;WindDirection;WindSpeed
2026015;0 days 00:00:13.466000;23,1;55,8;1013,7;False;36,2;114;1,8
2026015;0 days 00:01:13.482000;23,2;55,1;1013,6;False;35,9;110;3,0
2026015;0 days 00:02:13.483000;23,2;55,2;1013,6;False;35,6;115;3,2
2026015;0 days 00:03:13.485000;23,1;55,7;1013,7;False;35,7;104;3,4
2026015;0 days 00:04:13.518000;23,1;55,8;1013,8;False;35,8;108;3,1
2026015;0 days 00:05:13.531000;23,2;55,5;1013,7;False;35,7;109;3,4
2026015;0 days 00:06:13.532000;23,2;55,7;1013,6;False;35,5;128;1,7
2026015;0 days 00:07:13.522000;23,1;56,6;1013,7;False;35,7;106;2,1
2026015;0 days 00:08:13.537000;23,1;57,0;1013,7;False;35,4;118;3,1
2026015;0 days 00:09:13.538000;23,2;55,9;1013,5;False;35,6;154;2,4
2026015;0 days 00:10:13.552000;23,1;56,6;1013,6;False;36,0;124;1,3
2026015;0 days 00:11:13.569000;23,2;56,1;1013,6;False;36,3;98;1,6
2026015;0 days 00:12:13.555000;23,1;56,1;1013,6;False;36,7;127;2,3
2026015;0 days 00:13:13.569000;23,1;56,1;1013,5;False;36,3;109;3,2
2026015;0 days 00:14:13.575000;23,1;56,1;1013,5;False;36,3;132;2,2
2026015;0 days 00:15:13.555000;23,1;55,9;1013,5;False;35,6;131;3,8
2026015;0 days 00:16:13.571000;23,1;56,0;1013,5;False;35,6;133;2,1
2026015;0 days 00:17:13.563000;23,1;56,3;1013,5;False;35,6;110;2,3
2026015;0 days 00:18:13.574000;23,1;56,5;1013,3;False;35,7;118;1,5
2026015;0 days 00:19:13.558000;23,2;56,0;1013,4;False;35,6;95;0,9
2026015;0 days 00:20:13.560000;23,2;56,4;1013,3;False;35,5;110;2,3
2026015;0 days 00:21:13.577000;23,2;56,5;1013,3;False;35,5;109;2,4
2026015;0 days 00:22:13.577000;23,3;56,0;1013,3;False;35,8;108;3,7
2026015;0 days 00:23:13.598000;23,3;55,1;1013,3;False;34,9;130;3,8
2026015;0 days 00:24:13.592000;23,2;55,6;1013,3;False;34,9;137;0,8
2026015;0 days 00:25:13.612000;23,2;55,8;1013,3;False;34,7;114;1,9
2026015;0 days 00:26:13.615000;23,3;56,4;1013,2;False;33,3;126;2,2
2026015;0 days 00:27:13.629000;23,4;55,7;1013,2;False;34,6;125;2,8
2026015;0 days 00:28:13.627000;23,5;55,1;1013,3;False;33,4;124;2,3
2026015;0 days 00:29:13.613000;23,5;55,6;1013,3;False;34,3;126;2,3
2026015;0 days 00:30:13.613000;23,4;55,8;1013,2;False;33,5;130;1,9
2026015;0 days 00:31:13.632000;23,4;55,5;1013,3;False;35,3;0;0,0
2026015;0 days 00:32:13.630000;23,4;55,6;1013,2;False;35,9;212;0,6
2026015;0 days 00:33:13.636000;23,4;55,5;1013,3;False;35,5;113;1,1
2026015;0 days 00:34:13.648000;23,4;55,5;1013,3;False;35,5;101;3,7
2026015;0 days 00:35:13.678000;23,4;55,0;1013,3;False;35,5;192;2,1
2026015;0 days 00:36:13.680000;23,4;56,0;1013,3;False;35,8;90;2,4
2026015;0 days 00:37:13.680000;23,4;56,0;1013,3;False;35,8;90;2,4
2026015;0 days 00:38:13.675000;23,4;55,2;1013,2;False;35,3;124;1,6
2026015;0 days 00:39:13.684000;23,4;55,8;1013,2;False;35,6;128;1,0
2026015;0 days 00:40:13.681000;23,4;55,9;1013,2;False;35,2;154;1,8
2026015;0 days 00:41:13.683000;23,4;55,2;1013,1;False;35,4;125;2,3
2026015;0 days 00:42:13.684000;23,4;55,4;1013,2;False;35,2;125;3,9
2026015;0 days 00:43:13.671000;23,5;55,1;1013,1;False;35,0;121;2,3
2026015;0 days 00:44:13.669000;23,5;55,7;1013,1;False;35,9;123;2,3
2026015;0 days 00:45:13.675000;23,7;55,5;1013,1;False;37,1;124;1,5
2026015;0 days 00:46:13.702000;23,7;54,5;1013,1;False;37,6;100;2,7
2026015;0 days 00:47:13.704000;23,8;54,3;1013,1;False;39,1;117;2,0
2026015;0 days 00:48:13.704000;23,9;54,3;1013,0;False;39,1;116;2,4
2026015;0 days 00:49:13.708000;23,9;54,3;1013,1;False;38,9;120;2,6
2026015;0 days 00:50:13.708000;23,9;55,1;1013,0;False;38,0;99;1,8
2026015;0 days 00:51:13.721000;23,9;54,9;1012,9;False;37,8;103;1,1
2026015;0 days 00:52:13.720000;24,0;55,1;1013,0;False;37,2;137;3,7
2026015;0 days 00:53:13.720000;24,0;54,0;1013,0;False;37,0;95;1,2
2026015;0 days 00:54:13.725000;24,0;54,2;1012,8;False;36,8;156;2,0
2026015;0 days 00:55:13.728000;23,9;54,5;1012,9;False;37,3;126;1,5
2026015;0 days 00:56:13.725000;24,0;54,0;1012,8;False;36,5;74;1,0
2026015;0 days 00:57:13.740000;24,0;54,2;1012,8;False;36,0;116;4,6
2026015;0 days 00:58:13.747000;23,9;53,8;1013,0;False;35,4;93;3,1
2026015;0 days 00:59:13.745000;23,9;54,3;1012,8;False;35,7;100;2,1
2026015;0 days 01:00:13.732000;23,9;54,2;1012,9;False;35,3;185;1,8
2026015;0 days 01:01:13.760000;23,9;54,2;1012,8;False;37,5;99;2,5
2026015;0 days 01:02:13.761000;24,0;54,0;1012,9;False;38,0;129;3,4
2026015;0 days 01:03:13.796000;24,2;54,0;1012,8;False;36,6;104;4,4
2026015;0 days 01:04:13.794000;24,2;54,4;1012,8;False;36,0;135;2,3
2026015;0 days 01:05:13.794000;24,1;54,1;1012,9;False;36,1;112;1,6
2026015;0 days 01:06:13.816000;24,1;54,1;1012,9;False;36,1;112;1,6
2026015;0 days 01:07:13.811000;24,1;54,1;1012,9;False;36,1;112;1,6
2026015;0 days 01:08:13.824000;24,1;54,1;1012,9;False;36,1;112;1,6
2026015;0 days 01:09:13.828000;24,2;54,2;1012,8;False;35,1;127;2,2
2026015;0 days 01:10:13.830000;24,2;54,3;1012,6;False;35,3;114;2,7
2026015;0 days 01:11:13.820000;24,2;54,7;1012,6;False;35,1;99;3,4
2026015;0 days 01:12:13.833000;24,3;54,6;1012,5;False;35,8;121;2,0
2026015;0 days 01:13:13.821000;24,5;54,3;1012,6;False;36,6;104;2,4
2026015;0 days 01:14:13.832000;24,4;53,7;1012,6;False;38,1;121;3,1
2026015;0 days 01:15:13.832000;24,4;53,1;1012,5;False;37,6;122;2,4
2026015;0 days 01:16:13.833000;24,5;53,3;1012,6;False;36,7;119;1,6
2026015;0 days 01:17:13.861000;24,4;53,1;1012,4;False;36,6;128;2,7
2026015;0 days 01:18:13.852000;24,4;53,3;1012,5;False;36,4;113;2,2
2026015;0 days 01:19:13.868000;24,5;53,5;1012,4;False;36,5;128;2,0
2026015;0 days 01:20:13.860000;24,5;53,5;1012,4;False;36,5;128;2,0
2026015;0 days 01:21:13.870000;24,6;52,3;1012,4;False;36,8;113;2,0
2026015;0 days 01:22:13.906000;24,4;52,4;1012,4;False;36,6;95;3,8
2026015;0 days 01:23:13.903000;24,3;53,3;1012,4;False;36,6;114;2,5
2026015;0 days 01:24:13.917000;24,3;53,7;1012,3;False;37,3;125;2,0
2026015;0 days 01:25:13.908000;24,3;53,9;1012,3;False;38,4;140;3,5
2026015;0 days 01:26:13.916000;24,5;53,5;1012,3;False;39,1;119;3,0
2026015;0 days 01:27:13.920000;24,6;53,1;1012,3;False;37,7;111;3,0
2026015;0 days 01:28:13.918000;24,6;52,5;1012,3;False;36,7;138;4,1
2026015;0 days 01:29:13.934000;24,6;53,1;1012,3;False;36,3;137;3,6
2026015;0 days 01:30:13.936000;24,7;53,0;1012,3;False;35,9;142;2,9
2026015;0 days 01:31:13.955000;24,7;53,3;1012,1;False;35,9;133;1,9
2026015;0 days 01:32:13.969000;24,6;53,4;1012,2;False;35,8;126;2,8
2026015;0 days 01:33:13.968000;24,6;53,3;1012,1;False;35,7;119;3,8
2026015;0 days 01:34:13.955000;24,6;53,1;1012,2;False;35,9;123;2,7
2026015;0 days 01:35:13.957000;24,6;52,8;1012,1;False;36,4;111;2,9
2026015;0 days 01:36:13.973000;24,5;52,9;1012,2;False;36,6;95;1,4
2026015;0 days 01:37:13.959000;24,6;53,4;1012,1;False;37,0;114;2,1
2026015;0 days 01:38:13.974000;24,7;53,0;1012,0;False;37,5;113;1,8
2026015;0 days 01:39:13.975000;24,8;52,6;1012,1;False;37,6;147;3,1
2026015;0 days 01:40:13.976000;24,8;52,7;1012,0;False;37,4;106;3,3
2026015;0 days 01:41:13.991000;24,9;52,1;1012,0;False;37,1;105;3,3
2026015;0 days 01:42:14.010000;24,8;52,0;1012,0;False;36,5;98;2,5
2026015;0 days 01:43:14.010000;24,8;52,8;1012,0;False;36,3;98;4,0
2026015;0 days 01:44:14.010000;24,8;52,8;1012,1;False;36,1;120;3,0
2026015;0 days 01:45:13.993000;24,9;53,4;1012,0;False;36,1;115;2,8
2026015;0 days 01:46:14.017000;25,3;53,7;1012,0;False;36,1;123;2,5
2026015;0 days 01:47:14.013000;25,2;53,5;1011,9;False;37,3;184;1,0
2026015;0 days 01:48:14.012000;25,3;53,0;1011,8;False;37,6;131;4,2
2026015;0 days 01:49:14.015000;25,2;53,1;1012,0;False;37,0;125;4,0
2026015;0 days 01:50:14.014000;25,1;53,0;1012,0;False;37,2;147;3,0
2026015;0 days 01:51:14.029000;25,1;53,2;1011,8;False;37,7;107;2,5
2026015;0 days 01:52:14.060000;25,0;53,1;1011,9;False;37,3;123;3,0
2026015;0 days 01:53:14.063000;25,2;52,4;1011,9;False;37,2;105;3,7
2026015;0 days 01:54:14.077000;25,3;52,3;1011,8;False;37,6;113;3,0
2026015;0 days 01:55:14.079000;25,2;52,5;1011,8;False;37,8;119;3,8
2026015;0 days 01:56:14.097000;25,2;52,8;1011,8;False;37,0;120;3,8
2026015;0 days 01:57:14.090000;25,1;53,4;1011,8;False;36,7;112;1,7
2026015;0 days 01:58:14.098000;25,1;53,0;1011,8;False;35,9;115;3,0
2026015;0 days 01:59:14.099000;25,0;52,1;1011,8;False;35,7;98;2,5
2026015;0 days 02:00:14.101000;25,0;52,7;1011,8;False;35,5;140;3,1
2026015;0 days 02:01:14.114000;25,0;52,5;1011,8;False;35,4;116;1,7
2026015;0 days 02:02:14.114000;25,0;52,8;1011,7;False;35,5;136;3,6
2026015;0 days 02:03:14.119000;25,0;52,8;1011,8;False;35,4;96;2,8
2026015;0 days 02:04:14.108000;25,1;52,6;1011,6;False;35,5;99;1,3
2026015;0 days 02:05:14.119000;25,2;53,2;1011,6;False;36,1;100;4,3
2026015;0 days 02:06:14.136000;25,2;52,7;1011,7;False;36,2;93;1,0
2026015;0 days 02:07:14.151000;25,1;52,5;1011,7;False;36,6;110;2,0
2026015;0 days 02:08:14.136000;25,1;51,4;1011,7;False;36,2;104;4,2
2026015;0 days 02:09:14.150000;25,1;51,4;1011,6;False;35,7;118;3,9
2026015;0 days 02:10:14.153000;25,1;51,4;1011,6;False;35,6;140;2,9
2026015;0 days 02:11:14.138000;25,1;52,4;1011,6;False;35,4;106;4,0
2026015;0 days 02:12:14.161000;25,2;52,5;1011,7;False;35,8;116;2,2
2026015;0 days 02:13:14.158000;25,1;52,9;1011,6;False;36,8;110;2,4
2026015;0 days 02:14:14.173000;25,2;53,0;1011,6;False;36,5;116;2,6
2026015;0 days 02:15:14.164000;25,2;52,0;1011,6;False;36,4;110;2,2
2026015;0 days 02:16:14.192000;25,3;52,0;1011,6;False;35,9;125;2,3
2026015;0 days 02:17:14.191000;25,3;52,2;1011,5;False;35,6;106;3,1
2026015;0 days 02:18:14.207000;25,3;51,1;1011,5;False;35,3;121;3,0
2026015;0 days 02:19:14.237000;25,3;51,5;1011,6;False;35,0;131;3,6
2026015;0 days 02:20:14.244000;25,3;51,9;1011,5;False;34,8;115;3,0
2026015;0 days 02:21:14.264000;25,3;51,7;1011,5;False;34,7;130;4,2
2026015;0 days 02:22:14.293000;25,2;51,6;1011,6;False;34,6;126;3,2
2026015;0 days 02:23:14.291000;25,2;51,9;1011,5;False;34,6;127;3,7
2026015;0 days 02:24:14.277000;25,2;52,0;1011,5;False;34,4;105;2,9
2026015;0 days 02:25:14.290000;25,1;51,7;1011,5;False;34,5;103;2,9
2026015;0 days 02:26:14.290000;25,0;52,2;1011,5;False;34,3;114;2,5
2026015;0 days 02:27:14.318000;25,0;52,7;1011,5;False;34,5;117;1,9
2026025;0 days 00:00:59.959000;16,3;51,1;1024,6;False;26,5;91;2,1
2026025;0 days 00:01:59.974000;16,3;51,1;1024,6;False;26,0;111;1,5
2026025;0 days 00:02:59.977000;16,3;51,3;1024,6;False;26,1;99;2,0
2026025;0 days 00:03:59.966000;16,3;51,4;1024,6;False;25,4;91;1,8
2026025;0 days 00:04:59.961000;16,3;51,3;1024,6;False;25,4;65;2,7
2026025;0 days 00:05:59.966000;16,2;51,6;1024,5;False;25,4;56;1,8
2026025;0 days 00:06:59.989000;16,2;51,7;1024,5;False;25,2;60;1,4
2026025;0 days 00:07:59.990000;16,1;51,9;1024,4;False;25,2;55;1,5
2026025;0 days 00:08:59.978000;16,2;51,8;1024,5;False;25,1;108;1,4
2026025;0 days 00:09:59.971000;16,2;51,8;1024,4;False;24,8;120;0,7
2026025;0 days 00:11:00.008000;16,1;52,5;1024,5;False;25,3;99;0,9
2026025;0 days 00:12:00.013000;16,1;52,1;1024,4;False;25,1;109;1,8
2026025;0 days 00:13:00.010000;16,1;51,2;1024,4;False;24,6;129;1,3
2026025;0 days 00:13:59.997000;16,1;52,2;1024,4;False;25,1;87;1,1
2026025;0 days 00:14:59.994000;16,2;52,2;1024,4;False;24,8;110;2,5
2026025;0 days 00:16:00.016000;16,1;52,3;1024,5;False;25,1;92;1,3
2026025;0 days 00:17:00.020000;16,1;52,1;1024,5;False;24,9;70;1,9
2026025;0 days 00:18:00.023000;16,1;52,5;1024,4;False;24,7;104;2,1
2026025;0 days 00:19:00.037000;16,1;52,6;1024,4;False;25,0;115;1,5
2026025;0 days 00:20:00.037000;16,1;53,1;1024,4;False;25,4;43;0,3
2026025;0 days 00:21:00.051000;16,1;53,5;1024,5;False;25,7;174;1,5
2026025;0 days 00:22:00.069000;16,2;53,2;1024,5;False;25,6;166;1,0
2026025;0 days 00:23:00.065000;16,3;52,5;1024,6;False;27,6;79;1,9
2026025;0 days 00:24:00.088000;16,3;50,8;1024,5;False;26,8;84;3,0
2026025;0 days 00:25:00.095000;16,4;50,5;1024,6;False;25,3;70;2,0
2026025;0 days 00:26:00.113000;16,3;52,0;1024,5;False;25,0;97;1,8
2026025;0 days 00:27:00.114000;16,2;51,9;1024,5;False;24,7;72;1,4
2026025;0 days 00:28:00.099000;16,2;52,0;1024,6;False;24,6;97;2,4
2026025;0 days 00:29:00.127000;16,1;52,5;1024,6;False;24,4;100;2,6
2026025;0 days 00:30:00.140000;16,0;52,8;1024,6;False;24,2;93;1,7
2026025;0 days 00:31:00.140000;15,9;52,9;1024,6;False;24,5;102;2,0
2026025;0 days 00:32:00.142000;15,9;52,9;1024,6;False;24,5;102;2,0
2026025;0 days 00:33:00.140000;15,8;53,4;1024,6;False;24,1;103;2,3
2026025;0 days 00:34:00.140000;15,8;54,1;1024,6;False;24,2;94;1,8
2026025;0 days 00:35:00.139000;15,9;54,1;1024,6;False;24,0;99;1,6
2026025;0 days 00:36:00.152000;16,0;54,1;1024,5;False;24,1;88;1,6
2026025;0 days 00:37:00.152000;16,0;54,1;1024,5;False;24,5;88;1,0
2026025;0 days 00:38:00.138000;16,0;54,3;1024,5;False;24,4;111;1,4
2026025;0 days 00:39:00.168000;16,0;53,2;1024,5;False;24,5;87;0,9
2026025;0 days 00:40:00.173000;16,0;53,6;1024,5;False;24,2;70;1,0
2026025;0 days 00:41:00.173000;15,9;53,7;1024,6;False;24,6;101;1,3
2026025;0 days 00:42:00.180000;15,9;53,7;1024,4;False;24,0;145;1,1
2026025;0 days 00:43:00.196000;15,9;54,2;1024,5;False;24,0;100;1,0
2026025;0 days 00:44:00.194000;15,9;53,6;1024,6;False;24,2;100;1,9
2026025;0 days 00:45:00.204000;15,9;53,4;1024,6;False;24,4;87;1,6
2026025;0 days 00:46:00.184000;16,0;52,9;1024,5;False;24,5;103;1,2
2026025;0 days 00:47:00.194000;16,0;53,1;1024,4;False;24,8;89;0,9
2026025;0 days 00:48:00.194000;16,1;52,8;1024,4;False;24,7;63;3,1
2026025;0 days 00:49:00.209000;16,2;52,3;1024,4;False;24,3;81;1,1
2026025;0 days 00:50:00.229000;16,1;52,4;1024,4;False;24,3;55;2,9
2026025;0 days 00:51:00.238000;16,1;52,9;1024,3;False;23,9;91;3,8
2026025;0 days 00:52:00.259000;16,0;52,9;1024,4;False;23,5;92;2,0
2026025;0 days 00:53:00.263000;15,8;53,6;1024,4;False;23,6;108;2,0
2026025;0 days 00:54:00.275000;15,8;54,6;1024,3;False;23,5;96;2,0
2026025;0 days 00:55:00.281000;15,7;54,2;1024,4;False;23,0;94;1,9
2026025;0 days 00:56:00.290000;15,7;54,8;1024,4;False;23,2;90;2,6
2026025;0 days 00:57:00.295000;15,6;55,2;1024,4;False;23,3;72;2,8
2026025;0 days 00:58:00.286000;15,6;55,5;1024,5;False;22,7;105;2,5
2026025;0 days 00:59:00.312000;15,6;55,3;1024,5;False;22,5;102;4,5
2026025;0 days 01:00:00.332000;15,5;55,8;1024,4;False;23,0;107;1,8
2026025;0 days 01:01:00.327000;15,5;55,4;1024,5;False;23,3;98;3,3
2026025;0 days 01:02:00.342000;15,5;55,4;1024,5;False;23,0;105;2,5
2026025;0 days 01:03:00.334000;15,5;55,7;1024,4;False;23,2;85;2,2
2026025;0 days 01:04:00.330000;15,5;55,3;1024,5;False;23,1;92;3,7
2026025;0 days 01:05:00.330000;15,6;55,6;1024,5;False;22,9;107;2,2
2026025;0 days 01:06:00.333000;15,6;55,6;1024,5;False;22,9;96;3,3
2026025;0 days 01:07:00.340000;15,6;55,8;1024,5;False;22,4;111;2,4
2026025;0 days 01:08:00.343000;15,6;55,9;1024,3;False;22,8;88;2,1
2026025;0 days 01:09:00.375000;15,6;55,9;1024,5;False;22,6;111;2,1
2026025;0 days 01:10:00.397000;15,6;56,0;1024,5;False;22,6;110;2,6
2026025;0 days 01:11:00.397000;15,5;55,9;1024,6;False;22,5;104;3,3
2026025;0 days 01:12:00.396000;15,5;56,2;1024,6;False;22,4;92;1,5
2026025;0 days 01:13:00.391000;15,5;56,0;1024,3;False;22,5;70;2,0
2026025;0 days 01:14:00.382000;15,5;55,5;1024,6;False;22,8;77;0,8
2026025;0 days 01:15:00.407000;15,5;55,4;1024,5;False;22,8;96;1,9
2026025;0 days 01:16:00.395000;15,5;55,3;1024,7;False;22,7;0;0,0
2026025;0 days 01:17:00.391000;15,5;55,6;1024,6;False;22,5;140;0,9
2026025;0 days 01:18:00.388000;15,5;55,2;1024,7;False;22,0;98;2,1
2026025;0 days 01:19:00.397000;15,5;55,1;1024,6;False;22,0;131;1,7
2026025;0 days 01:20:00.415000;15,4;55,6;1024,7;False;22,0;142;1,9
2026025;0 days 01:21:00.430000;15,4;56,3;1024,7;False;22,4;112;1,1
2026025;0 days 01:22:00.434000;15,3;56,4;1024,6;False;22,1;98;2,8
2026025;0 days 01:23:00.417000;15,4;56,2;1024,7;False;21,6;116;2,8
2026025;0 days 01:24:00.432000;15,3;56,8;1024,7;False;22,0;102;1,6
2026025;0 days 01:25:00.455000;15,2;56,6;1024,7;False;21,9;114;3,2
2026025;0 days 01:26:00.435000;15,2;56,7;1024,7;False;21,9;126;1,0
2026025;0 days 01:27:00.429000;15,3;56,5;1024,6;False;21,8;105;2,2
2026025;0 days 01:28:00.444000;15,3;56,2;1024,6;False;21,6;101;1,6
2026025;0 days 01:29:00.458000;15,3;56,4;1024,6;False;21,6;98;2,0
2026025;0 days 01:30:00.435000;15,3;56,6;1024,6;False;21,9;93;2,9
2026025;0 days 01:31:00.458000;15,3;56,8;1024,5;False;21,5;108;1,7
2026025;0 days 01:32:00.456000;15,3;56,7;1024,4;False;21,7;94;2,2
2026025;0 days 01:33:00.486000;15,3;56,9;1024,5;False;21,8;92;2,8
2026025;0 days 01:34:00.491000;15,3;57,0;1024,3;False;21,7;110;2,4
2026025;0 days 01:35:00.488000;15,3;56,2;1024,4;False;21,6;97;3,0
2026025;0 days 01:36:00.489000;15,3;56,2;1024,3;False;21,6;89;1,5
2026025;0 days 01:37:00.483000;15,4;56,4;1024,4;False;21,7;101;2,3
2026025;0 days 01:38:00.499000;15,4;56,2;1024,3;False;21,8;94;2,8
2026025;0 days 01:39:00.541000;15,3;56,3;1024,3;False;21,7;93;2,2
2026025;0 days 01:40:00.532000;15,3;56,2;1024,4;False;21,6;95;2,4
2026025;0 days 01:41:00.553000;15,3;56,5;1024,4;False;21,8;63;2,3
2026025;0 days 01:42:00.547000;15,4;56,3;1024,4;False;21,8;92;2,6
2026025;0 days 01:43:00.548000;15,4;56,0;1024,4;False;21,8;70;2,2
2026025;0 days 01:44:00.572000;15,4;56,0;1024,4;False;21,7;67;2,0
2026025;0 days 01:45:00.573000;15,4;55,6;1024,4;False;21,5;85;2,3
2026025;0 days 01:46:00.641000;15,4;55,6;1024,4;False;21,6;77;3,0
2026025;0 days 01:47:00.565000;15,4;55,8;1024,4;False;21,0;96;3,1
2026025;0 days 01:48:00.569000;15,4;55,8;1024,4;False;21,2;77;2,6
2026025;0 days 01:49:00.585000;15,4;55,8;1024,4;False;21,2;77;2,6
2026025;0 days 01:50:00.612000;15,2;56,5;1024,5;False;21,1;93;2,3
2026025;0 days 01:51:00.608000;15,2;56,6;1024,5;False;21,1;84;1,6
2026025;0 days 01:52:00.626000;15,3;56,8;1024,5;False;21,1;84;2,2
2026025;0 days 01:53:00.648000;15,3;56,5;1024,5;False;21,3;96;2,4
2026025;0 days 01:54:00.653000;15,3;56,2;1024,5;False;20,8;86;1,7
2026025;0 days 01:55:00.672000;15,3;56,1;1024,5;False;21,1;109;1,8
2026025;0 days 01:56:00.665000;15,3;56,1;1024,5;False;21,0;108;1,6
2026025;0 days 01:57:00.691000;15,3;55,9;1024,4;False;21,0;98;1,6
2026025;0 days 01:58:00.698000;15,3;55,5;1024,5;False;20,9;87;2,7
2026025;0 days 01:59:00.713000;15,3;55,4;1024,5;False;20,3;121;2,4
2026025;0 days 02:00:00.701000;15,3;55,4;1024,5;False;20,3;121;2,4
2026025;0 days 02:01:00.736000;15,2;56,0;1024,4;False;20,8;77;1,8
2026025;0 days 02:02:00.732000;15,1;56,6;1024,4;False;20,9;83;3,1
2026025;0 days 02:03:00.709000;15,2;56,7;1024,3;False;20,8;101;3,3
2026025;0 days 02:04:00.702000;15,2;56,3;1024,4;False;20,3;88;3,1
2026025;0 days 02:05:00.718000;15,2;55,9;1024,3;False;20,5;92;2,6
2026025;0 days 02:06:00.737000;15,1;56,3;1024,3;False;20,5;93;3,2
2026025;0 days 02:07:00.711000;15,1;56,5;1024,3;False;20,5;88;2,7
2026025;0 days 02:08:00.739000;15,1;56,5;1024,3;False;20,6;86;2,7
2026025;0 days 02:09:00.749000;15,1;56,3;1024,2;False;20,3;91;3,3
2026025;0 days 02:10:00.765000;15,1;56,6;1024,3;False;20,4;61;2,7
2026025;0 days 02:11:00.762000;15,1;56,6;1024,3;False;20,4;61;2,7
2026025;0 days 02:12:00.767000;15,1;56,9;1024,3;False;20,4;77;3,3
2026025;0 days 02:13:00.783000;15,1;56,5;1024,4;False;20,5;81;3,9
2026025;0 days 02:14:00.784000;15,1;57,0;1024,3;False;20,2;83;2,5
2026025;0 days 02:15:00.772000;15,1;56,9;1024,4;False;20,2;77;3,3
2026025;0 days 02:16:00.803000;15,1;57,2;1024,5;False;20,0;87;2,8
2026025;0 days 02:17:00.803000;15,0;57,4;1024,4;False;20,1;91;2,4
2026025;0 days 02:18:00.808000;15,0;57,4;1024,4;False;20,2;93;2,0
2026025;0 days 02:19:00.788000;15,0;57,5;1024,5;False;20,3;76;3,0
2026025;0 days 02:20:00.828000;15,0;57,3;1024,5;False;20,2;77;2,9
2026025;0 days 02:21:00.818000;15,0;57,4;1024,6;False;20,1;84;3,1
2026025;0 days 02:22:00.817000;15,0;57,4;1024,6;False;20,1;84;3,1
2026025;0 days 02:23:00.801000;14,9;57,3;1024,6;False;20,0;95;4,1
2026025;0 days 02:24:00.812000;14,9;57,6;1024,6;False;20,0;85;3,0
2026025;0 days 02:25:00.850000;15,0;57,4;1024,7;False;19,9;93;2,5
2026025;0 days 02:26:00.855000;15,0;57,4;1024,5;False;20,0;84;2,4
2026025;0 days 02:27:00.851000;15,0;57,3;1024,5;False;19,9;67;2,2
2026025;0 days 02:28:00.869000;15,0;57,5;1024,6;False;20,1;86;2,8
2026025;0 days 02:29:00.861000;15,0;57,5;1024,5;False;19,9;97;3,1
2026025;0 days 02:30:00.856000;14,9;57,5;1024,5;False;19,7;112;2,3
2026025;0 days 02:31:00.855000;14,9;57,7;1024,5;False;19,9;92;3,3
2026025;0 days 02:32:00.863000;14,9;57,8;1024,5;False;19,9;79;3,3
2026035;0 days 00:00:46.894000;19,4;46,1;1012,1;False;37,0;115;3,1
2026035;0 days 00:01:46.896000;19,4;45,7;1012,1;False;38,0;140;1,9
2026035;0 days 00:02:46.898000;19,4;44,7;1012,0;False;37,3;124;3,3
2026035;0 days 00:03:46.897000;19,5;45,0;1012,1;False;37,7;126;2,3
2026035;0 days 00:04:46.899000;19,5;45,0;1012,1;False;37,4;118;2,5
2026035;0 days 00:05:46.899000;19,5;45,4;1012,1;False;38,1;125;2,7
2026035;0 days 00:06:46.901000;19,4;46,0;1012,0;False;37,8;121;2,9
2026035;0 days 00:07:46.895000;19,5;46,0;1012,0;False;38,2;144;2,4
2026035;0 days 00:08:46.909000;19,5;46,3;1012,1;False;38,2;135;2,7
2026035;0 days 00:09:46.901000;19,4;48,9;1012,0;False;37,8;128;3,5
2026035;0 days 00:10:46.901000;19,3;49,8;1012,0;False;38,3;116;2,4
2026035;0 days 00:11:46.901000;19,3;51,6;1012,0;False;37,9;133;3,4
2026035;0 days 00:12:46.904000;19,2;50,3;1012,0;False;37,5;127;3,4
2026035;0 days 00:13:46.903000;19,1;51,0;1012,1;False;37,8;132;2,1
2026035;0 days 00:14:46.905000;18,9;52,0;1012,1;False;37,7;129;2,4
2026035;0 days 00:15:46.904000;18,8;51,9;1012,0;False;37,3;128;2,5
2026035;0 days 00:16:46.906000;18,8;52,3;1012,0;False;36,8;117;1,0
2026035;0 days 00:17:46.913000;18,7;52,9;1012,1;False;37,0;133;2,2
2026035;0 days 00:18:46.909000;18,6;52,1;1012,0;False;37,1;122;2,3
2026035;0 days 00:19:46.910000;18,4;51,8;1012,0;False;36,8;125;3,7
2026035;0 days 00:20:46.909000;18,5;52,4;1012,0;False;37,2;134;2,5
2026035;0 days 00:21:46.909000;18,4;53,7;1012,0;False;36,8;124;3,0
2026035;0 days 00:22:46.912000;18,4;52,5;1012,1;False;37,2;142;1,9
2026035;0 days 00:23:46.913000;18,5;53,2;1012,0;False;36,6;120;2,7
2026035;0 days 00:24:46.914000;18,6;53,9;1012,0;False;36,2;119;2,8
2026035;0 days 00:25:46.911000;18,5;52,9;1012,0;False;36,3;129;1,4
2026035;0 days 00:26:46.913000;18,5;53,2;1012,0;False;36,2;133;1,6
2026035;0 days 00:27:46.917000;18,5;52,2;1011,9;False;35,6;110;2,7
2026035;0 days 00:28:46.918000;18,5;52,8;1011,9;False;35,4;110;2,6
2026035;0 days 00:29:46.946000;18,5;53,0;1011,9;False;36,0;122;2,9
2026035;0 days 00:30:46.918000;18,5;52,5;1011,9;False;36,0;133;2,6
2026035;0 days 00:31:46.915000;18,5;52,8;1011,9;False;36,1;118;1,8
2026035;0 days 00:32:46.917000;18,4;53,9;1012,0;False;36,4;155;2,1
2026035;0 days 00:33:46.919000;18,4;53,4;1011,9;False;35,8;125;2,4
2026035;0 days 00:34:46.916000;18,6;53,7;1011,9;False;36,2;148;1,8
2026035;0 days 00:35:46.918000;18,4;53,7;1011,9;False;35,5;117;2,7
2026035;0 days 00:36:46.925000;18,5;52,9;1011,9;False;36,2;144;2,9
2026035;0 days 00:37:46.925000;18,5;52,5;1012,0;False;36,3;136;2,6
2026035;0 days 00:38:46.922000;18,5;53,1;1011,9;False;36,3;113;2,2
2026035;0 days 00:39:46.922000;18,4;53,2;1011,8;False;36,3;135;2,6
2026035;0 days 00:40:46.927000;18,5;52,8;1011,8;False;35,8;129;3,0
2026035;0 days 00:41:46.925000;18,4;51,6;1011,8;False;35,4;118;2,4
2026035;0 days 00:42:46.924000;18,4;53,3;1011,8;False;35,3;121;2,9
2026035;0 days 00:43:46.925000;18,5;53,0;1011,8;False;35,8;130;3,4
2026035;0 days 00:44:46.924000;18,6;51,6;1011,7;False;36,5;121;2,8
2026035;0 days 00:45:46.926000;18,6;52,3;1011,8;False;36,3;133;2,1
2026035;0 days 00:46:46.929000;18,6;51,9;1011,7;False;36,1;119;1,9
2026035;0 days 00:47:46.928000;18,6;53,6;1011,8;False;35,7;105;1,8
2026035;0 days 00:48:46.929000;18,7;53,6;1011,8;False;36,6;121;2,0
2026035;0 days 00:49:46.934000;18,8;51,0;1011,8;False;36,7;147;3,0
2026035;0 days 00:50:46.931000;18,8;52,2;1011,7;False;35,9;104;2,0
2026035;0 days 00:51:46.934000;18,8;53,0;1011,8;False;36,9;120;3,1
2026035;0 days 00:52:46.932000;18,8;53,5;1011,8;False;36,7;130;1,5
2026035;0 days 00:53:46.935000;18,8;52,5;1011,8;False;36,6;121;2,0
2026035;0 days 00:54:46.934000;18,8;52,6;1011,8;False;36,2;113;3,0
2026035;0 days 00:55:46.934000;18,9;53,3;1011,7;False;36,8;150;3,2
2026035;0 days 00:56:46.936000;18,8;53,1;1011,8;False;36,4;121;2,5
2026035;0 days 00:57:46.937000;18,7;53,5;1011,8;False;36,6;118;1,8
2026035;0 days 00:58:46.936000;18,8;53,8;1011,8;False;36,7;119;2,8
2026035;0 days 00:59:46.935000;18,8;53,7;1011,9;False;36,6;131;2,3
2026035;0 days 01:00:46.939000;18,9;53,4;1011,8;False;36,7;122;2,4
2026035;0 days 01:01:46.940000;19,0;54,1;1011,9;False;36,6;151;2,3
2026035;0 days 01:02:46.938000;18,9;53,9;1011,7;False;36,4;122;2,0
2026035;0 days 01:03:46.937000;18,8;55,5;1011,7;False;36,7;124;2,1
2026035;0 days 01:04:46.944000;18,9;55,3;1011,8;False;36,8;111;1,8
2026035;0 days 01:05:46.939000;18,9;54,3;1011,7;False;36,7;143;1,5
2026035;0 days 01:06:46.943000;18,9;53,9;1011,8;False;36,3;120;1,7
2026035;0 days 01:07:46.945000;18,9;54,5;1011,7;False;36,0;112;2,1
2026035;0 days 01:08:46.951000;19,0;54,0;1011,8;False;36,5;104;0,4
2026035;0 days 01:09:46.945000;19,1;54,4;1011,8;False;36,4;135;2,9
2026035;0 days 01:10:46.946000;19,1;53,2;1011,8;False;36,4;128;2,3
2026035;0 days 01:11:46.945000;19,2;52,0;1011,8;False;36,0;95;1,4
2026035;0 days 01:12:46.947000;19,3;52,1;1011,8;False;35,7;120;2,6
2026035;0 days 01:13:46.948000;19,1;51,3;1011,8;False;35,7;130;1,3
2026035;0 days 01:14:46.950000;19,0;51,5;1011,8;False;35,4;104;1,2
2026035;0 days 01:15:46.949000;19,0;51,7;1011,8;False;35,3;144;2,7
2026035;0 days 01:16:46.955000;19,1;51,2;1011,7;False;34,6;120;2,3
2026035;0 days 01:17:46.956000;19,1;50,8;1011,8;False;34,3;120;2,5
2026035;0 days 01:18:46.950000;19,0;51,2;1011,8;False;34,6;126;2,0
2026035;0 days 01:19:46.951000;19,1;50,7;1011,7;False;34,0;142;1,5
2026035;0 days 01:20:46.954000;19,0;51,0;1011,7;False;34,0;127;2,5
2026035;0 days 01:21:46.957000;19,1;50,5;1011,9;False;33,7;82;1,3
2026035;0 days 01:22:46.959000;19,0;49,6;1011,9;False;34,1;117;0,6
2026035;0 days 01:23:46.956000;19,0;50,6;1011,8;False;33,8;151;2,0
2026035;0 days 01:24:46.955000;19,0;50,6;1011,8;False;33,6;56;1,2
2026035;0 days 01:25:46.957000;18,9;50,7;1011,7;False;33,3;133;1,2
2026035;0 days 01:26:46.955000;18,8;51,4;1011,6;False;33,2;98;1,2
2026035;0 days 01:27:46.957000;18,8;50,8;1011,8;False;33,4;44;0,7
2026035;0 days 01:28:46.962000;18,8;49,7;1011,7;False;33,4;135;2,1
2026035;0 days 01:29:46.956000;18,9;47,8;1011,8;False;32,9;133;2,6
2026035;0 days 01:30:46.965000;18,8;48,1;1011,7;False;32,5;126;2,3
2026035;0 days 01:31:46.960000;18,8;48,7;1011,7;False;32,8;100;1,3
2026035;0 days 01:32:46.954000;18,8;48,5;1011,7;False;32,2;24;1,7
2026035;0 days 01:33:46.959000;18,7;48,8;1011,7;False;32,5;78;1,2
2026035;0 days 01:34:46.962000;18,7;49,2;1011,7;False;32,7;131;2,2
2026035;0 days 01:35:46.964000;18,6;49,2;1011,7;False;32,2;58;1,8
2026035;0 days 01:36:46.966000;18,6;49,9;1011,7;False;32,6;116;0,9
2026035;0 days 01:37:46.963000;18,6;50,4;1011,6;False;32,9;163;0,7
2026035;0 days 01:38:46.963000;18,6;49,7;1011,7;False;32,7;165;1,6
2026035;0 days 01:39:46.965000;18,5;51,5;1011,7;False;32,7;107;0,4
2026035;0 days 01:40:46.954000;18,6;51,9;1011,6;False;32,7;124;1,5
2026035;0 days 01:41:46.969000;18,5;51,1;1011,6;False;32,7;152;2,1
2026035;0 days 01:42:46.968000;18,5;51,1;1011,7;False;32,9;121;1,3
2026035;0 days 01:43:46.969000;18,4;52,5;1011,7;False;32,9;182;0,7
2026035;0 days 01:44:46.968000;18,5;51,8;1011,7;False;32,8;120;1,5
2026035;0 days 01:45:46.971000;18,4;49,8;1011,7;False;32,7;154;2,4
2026035;0 days 01:46:46.972000;18,5;50,7;1011,7;False;32,3;106;2,0
2026035;0 days 01:47:46.974000;18,4;50,4;1011,7;False;32,6;137;2,3
2026035;0 days 01:48:46.974000;18,4;49,5;1011,7;False;32,3;144;3,1
2026035;0 days 01:49:46.973000;18,3;50,5;1011,7;False;32,2;136;2,5
2026035;0 days 01:50:47.144000;18,4;48,2;1011,7;False;32,6;148;2,6
2026035;0 days 01:51:46.975000;18,3;47,7;1011,7;False;32,3;122;2,3
2026035;0 days 01:52:46.977000;18,3;47,8;1011,7;False;32,4;126;2,2
2026035;0 days 01:53:46.974000;18,4;48,2;1011,7;False;32,4;132;2,6
2026035;0 days 01:54:46.976000;18,4;47,6;1011,7;False;32,1;135;0,8
2026035;0 days 01:55:46.978000;18,4;48,4;1011,7;False;31,9;125;3,5
2026035;0 days 01:56:46.979000;18,4;49,7;1011,7;False;32,0;129;1,9
2026035;0 days 01:57:46.984000;18,5;49,6;1011,7;False;31,7;344;1,4
2026035;0 days 01:58:46.981000;18,5;50,7;1011,6;False;32,0;133;2,0
2026035;0 days 01:59:46.981000;18,5;50,0;1011,7;False;31,5;140;1,1
2026035;0 days 02:00:46.983000;18,5;50,2;1011,7;False;31,5;188;0,6
2026035;0 days 02:01:46.992000;18,5;51,0;1011,6;False;31,4;113;1,2
2026035;0 days 02:02:46.980000;18,3;51,1;1011,6;False;31,4;154;2,4
2026035;0 days 02:03:46.981000;18,2;51,7;1011,7;False;31,3;135;2,2
2026035;0 days 02:04:46.983000;18,1;52,4;1011,7;False;31,1;170;0,8
2026035;0 days 02:05:46.988000;18,0;53,7;1011,6;False;31,0;138;1,5
2026035;0 days 02:06:46.985000;17,9;54,3;1011,6;False;30,9;116;1,0
2026035;0 days 02:07:46.984000;17,9;55,6;1011,6;False;30,7;88;0,8
2026035;0 days 02:08:46.986000;17,9;55,8;1011,7;False;31,1;119;1,8
2026035;0 days 02:09:46.985000;17,9;54,7;1011,5;False;30,9;131;1,4
2026035;0 days 02:10:46.990000;17,8;55,5;1011,6;False;31,0;167;1,0
2026035;0 days 02:11:46.999000;17,8;55,9;1011,6;False;30,5;87;1,3
2026035;0 days 02:12:46.994000;17,8;55,7;1011,6;False;30,7;140;0,6
2026035;0 days 02:13:46.998000;18,1;55,4;1011,6;False;30,6;153;2,5
2026035;0 days 02:14:46.992000;17,8;55,6;1011,7;False;30,0;100;1,5
2026035;0 days 02:15:46.993000;17,9;57,1;1011,7;False;30,4;140;0,9
2026035;0 days 02:16:47.003000;17,9;57,3;1011,7;False;30,5;9;0,5
2026035;0 days 02:17:46.992000;18,0;57,2;1011,7;False;30,8;133;0,9
2026035;0 days 02:18:46.995000;18,0;56,5;1011,7;False;30,9;129;1,1
2026035;0 days 02:19:46.994000;18,0;56,6;1011,7;False;29,6;83;2,0
2026035;0 days 02:20:46.992000;18,0;56,6;1011,8;False;30,2;104;0,9
2026035;0 days 02:21:47.001000;17,9;57,4;1011,8;False;30,8;91;0,8
2026035;0 days 02:22:46.995000;17,9;56,8;1011,7;False;30,5;38;0,9
2026035;0 days 02:23:47.007000;17,9;57,3;1011,8;False;30,2;81;1,3
2026035;0 days 02:24:47.017000;17,9;57,8;1011,7;False;30,9;110;0,9
2026035;0 days 02:25:47.031000;18,0;57,6;1011,8;False;30,5;146;1,4
2026035;0 days 02:26:47.046000;18,0;57,9;1011,7;False;30,6;128;1,5
2026035;0 days 02:27:47.045000;17,8;59,2;1011,8;False;30,2;113;1,9
2026035;0 days 02:28:47.064000;17,7;59,7;1011,7;False;30,3;134;2,8
2026035;0 days 02:29:47.049000;17,6;59,8;1011,8;False;30,0;107;1,5
2026035;0 days 02:30:47.054000;17,4;61,3;1011,8;False;29,9;122;1,8
2026035;0 days 02:31:47.051000;17,4;61,5;1011,8;False;30,0;133;0,9
2026035;0 days 02:32:47.052000;17,3;62,5;1011,8;False;29,8;57;0,3
2026035;0 days 02:33:47.058000;17,3;62,8;1011,8;False;30,0;0;0,0
2026035;0 days 02:34:47.055000;17,3;61,8;1011,8;False;29,7;136;1,9
2026035;0 days 02:35:47.050000;17,3;60,9;1011,8;False;29,2;100;1,2
2026045;0 days 00:00:07.716000;25,7;76,2;1016,2;False;34,9;162;1,5
2026045;0 days 00:01:07.703000;25,7;76,4;1016,2;False;35,0;95;0,7
2026045;0 days 00:02:07.712000;25,8;75,9;1016,2;False;34,7;33;0,6
2026045;0 days 00:03:07.706000;25,9;75,9;1016,2;False;35,3;30;1,1
2026045;0 days 00:04:07.716000;25,9;76,7;1016,2;False;35,2;79;0,8
2026045;0 days 00:05:07.716000;26,0;76,3;1016,1;False;35,5;76;1,5
2026045;0 days 00:06:07.725000;25,8;76,0;1016,2;False;35,4;0;0,0
2026045;0 days 00:07:07.707000;25,9;76,6;1016,2;False;35,0;139;1,4
2026045;0 days 00:08:07.719000;25,8;75,9;1016,2;False;35,3;92;0,6
2026045;0 days 00:09:07.713000;25,8;75,9;1016,1;False;34,9;57;0,9
2026045;0 days 00:10:07.717000;25,7;76,4;1016,1;False;35,2;144;0,7
2026045;0 days 00:11:07.722000;25,8;75,8;1016,2;False;35,3;150;0,6
2026045;0 days 00:12:07.718000;26,0;73,4;1016,1;False;33,8;151;3,0
2026045;0 days 00:13:07.723000;26,1;74,1;1016,1;False;34,4;155;2,4
2026045;0 days 00:14:07.713000;26,0;74,6;1016,1;False;34,3;162;1,4
2026045;0 days 00:15:07.725000;26,0;75,1;1016,1;False;34,9;166;0,6
2026045;0 days 00:16:07.716000;26,1;75,7;1016,0;False;35,3;128;0,9
2026045;0 days 00:17:07.728000;26,1;74,6;1016,0;False;35,5;149;0,6
2026045;0 days 00:18:07.714000;26,1;73,9;1016,0;False;35,5;134;1,7
2026045;0 days 00:19:07.741000;26,4;72,5;1016,0;False;35,8;53;0,9
2026045;0 days 00:20:07.723000;26,4;72,9;1016,0;False;35,8;44;0,4
2026045;0 days 00:21:07.717000;26,5;72,4;1016,0;False;35,2;42;0,5
2026045;0 days 00:22:07.731000;26,5;72,6;1016,0;False;35,8;26;0,3
2026045;0 days 00:23:07.733000;26,5;73,7;1016,0;False;35,8;141;0,4
2026045;0 days 00:24:07.726000;26,5;72,6;1015,9;False;35,6;125;2,7
2026045;0 days 00:25:07.733000;26,4;72,0;1015,9;False;34,8;117;2,5
2026045;0 days 00:26:07.734000;26,4;73,6;1015,9;False;35,8;141;1,1
2026045;0 days 00:27:07.735000;26,4;72,3;1015,8;False;35,6;145;1,1
2026045;0 days 00:28:07.729000;26,4;70,9;1015,8;False;35,7;78;0,6
2026045;0 days 00:29:07.735000;26,5;70,4;1015,8;False;33,5;152;3,2
2026045;0 days 00:30:07.726000;26,5;70,5;1015,8;False;35,5;139;1,0
2026045;0 days 00:31:07.735000;26,4;70,7;1015,8;False;35,5;134;2,1
2026045;0 days 00:32:07.742000;26,3;71,2;1015,8;False;34,4;166;1,5
2026045;0 days 00:33:07.738000;26,3;71,4;1015,8;False;34,7;161;0,7
2026045;0 days 00:34:07.739000;26,3;72,6;1015,8;False;35,4;121;0,9
2026045;0 days 00:35:07.728000;26,4;71,9;1015,9;False;35,6;161;0,9
2026045;0 days 00:36:07.728000;26,4;72,0;1016,0;False;35,9;92;0,8
2026045;0 days 00:37:07.743000;26,4;71,8;1015,9;False;35,7;85;1,4
2026045;0 days 00:38:07.756000;26,2;72,2;1015,9;False;35,6;72;0,8
2026045;0 days 00:39:07.751000;26,3;73,0;1015,8;False;35,4;15;1,0
2026045;0 days 00:40:07.757000;26,3;72,7;1015,9;False;35,4;135;0,6
2026045;0 days 00:41:07.757000;26,3;72,9;1015,8;False;36,0;57;0,8
2026045;0 days 00:42:07.757000;26,3;73,8;1015,7;False;35,9;165;0,9
2026045;0 days 00:43:07.774000;26,3;72,5;1015,8;False;35,8;145;1,5
2026045;0 days 00:44:07.792000;26,1;73,1;1015,7;False;36,1;0;0,0
2026045;0 days 00:45:07.794000;26,4;72,1;1015,8;False;35,9;114;1,0
2026045;0 days 00:46:07.811000;26,4;72,7;1015,8;False;35,4;75;1,1
2026045;0 days 00:47:07.806000;26,4;72,8;1015,9;False;35,2;271;0,5
2026045;0 days 00:48:07.809000;26,3;72,3;1015,8;False;35,8;0;0,0
2026045;0 days 00:49:07.814000;26,5;72,0;1015,9;False;34,9;269;1,5
2026045;0 days 00:50:07.845000;26,6;70,6;1015,9;False;35,6;299;1,5
2026045;0 days 00:51:07.848000;26,6;70,9;1015,9;False;35,8;279;1,6
2026045;0 days 00:52:07.851000;26,6;71,8;1015,8;False;35,5;310;0,8
2026045;0 days 00:53:07.876000;26,5;72,2;1015,9;False;35,7;41;0,4
2026045;0 days 00:54:07.872000;26,6;71,9;1015,9;False;35,9;69;0,5
2026045;0 days 00:55:07.872000;26,5;72,5;1015,9;False;35,9;0;0,0
2026045;0 days 00:56:07.880000;26,6;73,0;1015,9;False;36,2;268;0,6
2026045;0 days 00:57:07.877000;26,7;72,8;1015,9;False;36,5;18;0,6
2026045;0 days 00:58:07.873000;26,8;72,8;1015,9;False;36,6;264;1,1
2026045;0 days 00:59:07.890000;26,9;71,7;1016,0;False;36,5;356;0,3
2026045;0 days 01:00:07.900000;26,9;71,3;1015,8;False;36,7;93;0,5
2026045;0 days 01:01:07.878000;27,0;70,4;1015,9;False;36,4;0;0,0
2026045;0 days 01:02:07.874000;27,1;68,9;1015,8;False;36,4;273;2,0
2026045;0 days 01:03:07.892000;27,1;70,1;1015,8;False;37,2;335;1,7
2026045;0 days 01:04:07.886000;27,2;68,6;1015,9;False;37,4;301;1,0
2026045;0 days 01:05:07.883000;27,2;69,0;1016,0;False;37,4;296;1,8
2026045;0 days 01:06:07.888000;27,2;68,8;1016,0;False;37,1;295;0,6
2026045;0 days 01:07:07.889000;27,3;69,1;1015,9;False;37,8;239;0,8
2026045;0 days 01:08:07.893000;27,4;69,1;1015,8;False;38,3;85;0,5
2026045;0 days 01:09:07.892000;27,4;69,7;1015,9;False;37,6;215;0,5
2026045;0 days 01:10:08.066000;27,4;69,1;1016,0;False;37,9;14;0,7
2026045;0 days 01:11:08.058000;27,4;68,5;1015,9;False;38,1;253;0,6
2026045;0 days 01:12:08.075000;27,2;68,6;1016,0;False;38,0;0;0,0
2026045;0 days 01:13:08.064000;27,1;68,6;1016,0;False;39,4;221;0,5
2026045;0 days 01:14:08.066000;27,2;69,0;1016,0;False;40,7;291;1,8
2026045;0 days 01:15:08.066000;27,3;68,3;1015,9;False;40,8;161;0,5
2026045;0 days 01:16:08.073000;27,5;68,7;1015,9;False;40,9;177;0,5
2026045;0 days 01:17:08.084000;27,5;69,5;1015,9;False;42,3;119;0,5
2026045;0 days 01:18:08.083000;27,5;69,4;1015,8;False;42,2;184;1,1
2026045;0 days 01:19:08.096000;27,5;69,6;1015,8;False;42,0;359;1,5
2026045;0 days 01:20:08.118000;27,7;69,6;1015,8;False;41,7;121;0,5
2026045;0 days 01:21:08.125000;27,8;67,9;1015,9;False;41,0;86;1,2
2026045;0 days 01:22:08.155000;27,8;67,2;1015,8;False;40,9;317;3,9
2026045;0 days 01:23:08.148000;27,8;67,5;1015,8;False;41,8;74;2,0
2026045;0 days 01:24:08.155000;27,8;67,4;1015,8;False;41,1;158;0,5
2026045;0 days 01:25:08.159000;27,8;66,5;1015,8;False;41,2;318;2,5
2026045;0 days 01:26:08.139000;27,9;67,2;1015,7;False;40,9;285;1,1
2026045;0 days 01:27:08.151000;27,9;68,1;1015,8;False;40,0;275;1,2
2026045;0 days 01:28:08.157000;27,9;67,1;1015,8;False;38,6;278;0,7
2026045;0 days 01:29:08.160000;27,9;67,5;1015,7;False;39,3;59;1,1
2026045;0 days 01:30:08.144000;27,9;68,5;1015,7;False;38,6;0;0,0
2026045;0 days 01:31:08.160000;27,9;68,8;1015,8;False;38,7;269;1,3
2026045;0 days 01:32:08.159000;27,9;67,6;1015,8;False;38,4;314;0,9
2026045;0 days 01:33:08.175000;27,8;67,8;1015,8;False;37,4;177;1,2
2026045;0 days 01:34:08.172000;27,8;68,0;1015,8;False;37,7;201;0,4
2026045;0 days 01:35:08.219000;27,7;67,8;1015,8;False;36,8;260;0,8
2026045;0 days 01:36:08.191000;27,5;68,2;1015,8;False;37,2;273;1,0
2026045;0 days 01:37:08.191000;27,5;68,6;1015,8;False;37,0;262;1,6
2026045;0 days 01:38:08.209000;27,6;68,6;1015,8;False;36,5;217;1,1
2026045;0 days 01:39:08.212000;27,5;69,2;1015,7;False;37,0;272;1,3
2026045;0 days 01:40:08.240000;27,5;68,8;1015,7;False;37,0;336;0,6
2026045;0 days 01:41:08.254000;27,5;68,7;1015,7;False;37,4;349;1,7
2026045;0 days 01:42:08.257000;27,6;67,9;1015,7;False;36,8;331;0,9
2026045;0 days 01:43:08.255000;27,6;68,5;1015,6;False;37,5;302;0,9
2026045;0 days 01:44:08.258000;27,7;67,4;1015,6;False;37,3;334;2,4
2026045;0 days 01:45:08.255000;27,8;67,4;1015,6;False;37,4;273;0,4
2026045;0 days 01:46:08.261000;27,8;66,9;1015,6;False;37,8;268;2,1
2026045;0 days 01:47:08.257000;27,8;66,9;1015,5;False;38,0;260;0,8
2026045;0 days 01:48:08.241000;27,8;66,8;1015,5;False;38,3;245;0,8
2026045;0 days 01:49:08.257000;27,9;66,4;1015,4;False;38,8;0;0,0
2026045;0 days 01:50:08.257000;27,9;66,6;1015,4;False;39,1;301;1,0
2026045;0 days 01:51:08.267000;28,0;66,6;1015,4;False;38,9;278;1,7
2026045;0 days 01:52:08.263000;27,9;67,0;1015,4;False;39,0;262;1,7
2026045;0 days 01:53:08.266000;27,9;66,8;1015,3;False;38,6;269;0,4
2026045;0 days 01:54:08.270000;27,9;67,0;1015,3;False;39,0;300;1,1
2026045;0 days 01:55:08.292000;28,0;66,6;1015,3;False;38,7;240;0,9
2026045;0 days 01:56:08.300000;27,9;67,1;1015,3;False;38,4;267;1,3
2026045;0 days 01:57:08.302000;27,8;67,0;1015,4;False;38,3;300;2,4
2026045;0 days 01:58:08.307000;27,8;68,3;1015,3;False;39,1;0;1,8
2026045;0 days 01:59:08.299000;27,9;67,7;1015,3;False;39,2;0;0,0
2026045;0 days 02:00:08.318000;28,0;66,7;1015,3;False;39,3;333;1,8
2026045;0 days 02:01:08.323000;27,9;67,4;1015,3;False;39,3;316;2,3
2026045;0 days 02:02:08.339000;27,9;65,9;1015,3;False;38,4;269;2,4
2026045;0 days 02:03:08.343000;27,9;66,7;1015,4;False;38,5;271;2,3
2026045;0 days 02:04:08.372000;27,9;67,3;1015,4;False;39,2;271;1,5
2026045;0 days 02:05:08.374000;28,0;67,7;1015,3;False;39,4;257;0,8
2026045;0 days 02:06:08.402000;28,0;67,7;1015,4;False;39,1;348;1,5
2026045;0 days 02:07:08.402000;28,1;67,6;1015,5;False;38,8;268;1,2
2026045;0 days 02:08:08.400000;28,1;67,4;1015,4;False;38,9;0;0,0
2026045;0 days 02:09:08.411000;28,1;67,1;1015,4;False;38,2;0;0,0
2026045;0 days 02:10:08.565000;28,1;67,2;1015,4;False;38,2;262;0,4
2026045;0 days 02:11:08.558000;27,9;67,5;1015,4;False;38,0;318;1,2
2026045;0 days 02:12:08.551000;28,0;67,3;1015,4;False;37,6;260;1,3
2026045;0 days 02:13:08.560000;27,9;67,9;1015,4;False;37,8;278;1,6
2026045;0 days 02:14:08.568000;27,8;68,6;1015,4;False;37,0;334;2,6
2026045;0 days 02:15:08.567000;27,8;68,2;1015,3;False;37,6;335;1,1
2026045;0 days 02:16:08.568000;27,6;68,1;1015,3;False;37,0;192;0,7
2026045;0 days 02:17:08.567000;27,8;67,4;1015,3;False;36,7;155;1,0
2026045;0 days 02:18:08.575000;27,7;67,6;1015,2;False;37,1;0;0,0
2026045;0 days 02:19:08.566000;27,7;68,1;1015,2;False;37,1;52;1,0
2026045;0 days 02:20:08.564000;27,8;68,4;1015,3;False;37,2;322;0,9
2026045;0 days 02:21:08.575000;27,8;68,2;1015,1;False;36,3;178;0,9
2026045;0 days 02:22:08.582000;27,7;68,8;1015,2;False;37,0;256;0,6
2026045;0 days 02:23:08.577000;27,8;68,9;1015,2;False;37,4;326;0,8
2026045;0 days 02:24:08.592000;27,8;68,2;1015,2;False;37,2;32;0,4
2026045;0 days 02:25:08.612000;27,5;68,2;1015,2;False;37,2;32;0,4
2026045;0 days 02:26:08.639000;27,8;68,3;1015,2;False;37,1;0;0,0
2026045;0 days 02:27:08.625000;27,8;68,4;1015,1;False;36,9;291;0,4
2026045;0 days 02:28:08.642000;27,8;68,1;1015,2;False;36,9;347;0,4
2026045;0 days 02:29:08.642000;27,7;68,2;1015,2;False;37,1;16;0,5
2026045;0 days 02:30:08.642000;27,7;68,1;1015,2;False;36,7;335;1,8
2026045;0 days 02:31:08.658000;27,6;69,4;1015,1;False;36,0;141;1,2
2026045;0 days 02:32:08.659000;27,5;70,7;1015,1;False;34,7;99;1,8
2026045;0 days 02:33:08.690000;27,4;73,0;1015,1;False;36,0;132;1,0
2026045;0 days 02:34:08.703000;27,4;72,7;1015,0;False;35,2;153;2,3
2026045;0 days 02:35:08.701000;27,2;73,9;1015,0;False;35,8;115;2,9
2026045;0 days 02:36:08.691000;27,1;74,2;1015,0;False;35,2;148;2,6
2026045;0 days 02:37:09.757000;27,0;74,4;1015,0;False;34,8;141;4,8
2026045;0 days 02:38:08.707000;26,9;74,5;1014,9;False;35,2;154;2,8
2026045;0 days 02:39:08.707000;26,9;75,0;1015,0;True;35,3;122;2,7
2026045;0 days 02:40:08.697000;26,9;74,8;1015,0;False;35,6;131;2,4
2026045;0 days 02:41:08.708000;27,0;74,2;1015,0;False;35,1;107;1,3
2026045;0 days 02:42:08.708000;26,9;74,0;1014,9;False;35,1;129;0,9
2026045;0 days 02:43:08.708000;26,9;72,8;1014,9;False;34,7;154;1,8
2026045;0 days 02:44:08.700000;26,9;73,6;1014,9;True;35,7;128;0,7
2026045;0 days 02:45:08.709000;27,0;73,6;1014,8;True;35,6;114;2,5
2026045;0 days 02:46:08.708000;27,0;73,8;1014,9;False;35,7;167;2,1
2026045;0 days 02:47:08.713000;27,0;74,0;1014,9;False;36,0;144;2,5
2026055;0 days 00:00:31.031000;12,4;74,4;1025,5;False;17,2;185;5,7
2026055;0 days 00:01:31.028000;12,6;74,4;1025,5;False;17,2;185;5,7
2026055;0 days 00:02:31.033000;12,6;74,4;1025,5;False;17,2;185;5,7
2026055;0 days 00:03:31.017000;12,6;74,4;1025,5;False;17,2;185;5,7
2026055;0 days 00:04:31.030000;12,3;74,4;1025,5;False;17,2;185;5,7
2026055;0 days 00:05:31.024000;12,6;74,4;1025,5;False;17,2;185;5,7
2026055;0 days 00:06:31.037000;12,5;74,4;1025,5;False;17,2;185;5,7
2026055;0 days 00:07:31.038000;12,4;74,4;1025,5;False;17,2;185;5,7
2026055;0 days 00:08:31.054000;12,5;74,4;1025,5;False;17,2;185;5,7
2026055;0 days 00:09:31.063000;12,4;74,4;1025,5;False;17,2;185;5,7
2026055;0 days 00:10:31.082000;12,7;75,8;1025,4;False;16,9;169;6,2
2026055;0 days 00:11:31.067000;12,5;74,9;1025,3;False;17,1;193;4,1
2026055;0 days 00:12:31.076000;12,5;74,7;1025,4;False;17,1;194;4,3
2026055;0 days 00:13:31.083000;12,6;73,9;1025,4;False;17,0;185;4,6
2026055;0 days 00:14:31.092000;12,3;73,9;1025,4;False;17,0;185;4,6
2026055;0 days 00:15:31.090000;12,4;73,9;1025,4;False;17,0;185;4,6
2026055;0 days 00:16:31.106000;12,5;73,9;1025,4;False;17,0;185;4,6
2026055;0 days 00:17:31.101000;12,4;73,9;1025,4;False;17,0;185;4,6
2026055;0 days 00:18:31.113000;12,5;73,9;1025,4;False;17,0;185;4,6
2026055;0 days 00:19:31.132000;12,5;73,9;1025,4;False;17,0;185;4,6
2026055;0 days 00:20:31.129000;12,4;73,9;1025,4;False;17,0;185;4,6
2026055;0 days 00:21:31.148000;12,4;73,9;1025,4;False;17,0;185;4,6
2026055;0 days 00:22:31.161000;12,8;73,2;1025,2;False;17,5;188;4,3
2026055;0 days 00:23:31.171000;12,6;72,9;1025,2;False;17,9;168;3,5
2026055;0 days 00:24:31.175000;12,9;71,9;1025,2;False;17,6;193;4,9
2026055;0 days 00:25:31.175000;12,4;71,9;1025,2;False;17,6;193;4,9
2026055;0 days 00:26:31.163000;12,8;72,4;1025,2;False;17,0;200;4,4
2026055;0 days 00:27:31.164000;12,4;72,4;1025,2;False;17,0;200;4,4
2026055;0 days 00:28:31.194000;12,4;72,4;1025,2;False;17,0;200;4,4
2026055;0 days 00:29:31.177000;12,4;72,4;1025,2;False;17,0;200;4,4
2026055;0 days 00:30:31.183000;12,3;72,4;1025,2;False;17,0;200;4,4
2026055;0 days 00:31:31.190000;12,2;72,4;1025,2;False;17,0;200;4,4
2026055;0 days 00:32:31.191000;12,3;72,4;1025,2;False;17,0;200;4,4
2026055;0 days 00:33:31.194000;12,3;72,4;1025,2;False;17,0;200;4,4
2026055;0 days 00:34:31.201000;12,5;75,3;1025,1;False;16,3;180;5,4
2026055;0 days 00:35:31.202000;12,3;76,4;1025,1;False;16,5;185;2,7
2026055;0 days 00:36:31.216000;12,6;76,8;1025,0;False;16,8;179;4,1
2026055;0 days 00:37:31.235000;12,3;76,8;1025,0;False;16,8;179;4,1
2026055;0 days 00:38:31.235000;12,3;76,8;1025,0;False;16,8;179;4,1
2026055;0 days 00:39:31.235000;12,3;76,8;1025,0;False;16,8;179;4,1
2026055;0 days 00:40:31.237000;12,3;76,8;1025,0;False;16,8;179;4,1
2026055;0 days 00:41:31.227000;12,7;77,1;1024,7;False;16,7;196;3,3
2026055;0 days 00:42:31.229000;12,6;77,6;1024,7;False;16,7;184;3,8
2026055;0 days 00:43:31.236000;12,2;77,6;1024,7;False;16,7;184;3,8
2026055;0 days 00:44:31.242000;12,2;77,6;1024,7;False;16,7;184;3,8
2026055;0 days 00:45:31.237000;12,4;78,9;1024,5;False;17,3;198;2,7
2026055;0 days 00:46:31.233000;12,4;78,0;1024,5;False;17,2;194;3,5
2026055;0 days 00:47:31.244000;12,4;78,8;1024,5;False;17,2;192;3,4
2026055;0 days 00:48:31.269000;12,4;78,3;1024,5;False;16,7;196;3,9
2026055;0 days 00:49:31.285000;12,3;78,6;1024,6;False;16,9;187;2,5
2026055;0 days 00:50:31.288000;12,5;78,6;1024,6;False;16,9;187;2,5
2026055;0 days 00:51:31.286000;12,4;79,2;1024,5;False;17,2;189;2,3
2026055;0 days 00:52:31.299000;12,5;79,2;1024,5;False;17,2;189;2,3
2026055;0 days 00:53:31.327000;12,5;78,4;1024,5;False;17,1;206;2,7
2026055;0 days 00:54:31.322000;12,5;78,1;1024,6;False;17,1;201;2,5
2026055;0 days 00:55:31.319000;12,5;77,2;1024,5;False;17,1;197;2,8
2026055;0 days 00:56:31.325000;12,3;77,2;1024,5;False;17,1;197;2,8
2026055;0 days 00:57:31.339000;12,5;76,8;1024,4;False;17,1;193;3,3
2026055;0 days 00:58:31.348000;12,4;76,7;1024,4;False;16,9;181;3,5
2026055;0 days 00:59:31.361000;12,4;76,4;1024,5;False;17,2;193;1,8
2026055;0 days 01:00:31.371000;12,7;77,4;1024,6;False;17,1;191;1,9
2026055;0 days 01:01:31.381000;12,3;77,4;1024,6;False;17,1;191;1,9
2026055;0 days 01:02:31.374000;12,5;77,0;1024,6;False;16,9;191;2,0
2026055;0 days 01:03:31.379000;12,2;77,0;1024,6;False;16,9;191;2,0
2026055;0 days 01:04:31.385000;12,2;77,0;1024,6;False;16,9;191;2,0
2026055;0 days 01:05:31.401000;12,1;77,0;1024,6;False;16,9;191;2,0
2026055;0 days 01:06:31.420000;12,5;76,6;1024,5;False;17,3;325;1,6
2026055;0 days 01:07:31.414000;12,4;76,6;1024,5;False;17,3;325;1,6
2026055;0 days 01:08:31.417000;12,3;76,3;1024,4;False;17,1;202;3,1
2026055;0 days 01:09:31.443000;12,2;76,3;1024,4;False;17,1;202;3,1
2026055;0 days 01:10:31.447000;12,2;76,3;1024,4;False;17,1;202;3,1
2026055;0 days 01:11:31.450000;12,5;76,0;1024,3;False;17,8;283;1,5
2026055;0 days 01:12:31.465000;12,6;76,0;1024,3;False;17,8;283;1,5
2026055;0 days 01:13:31.458000;12,3;76,0;1024,3;False;17,8;283;1,5
2026055;0 days 01:14:31.451000;12,4;76,0;1024,3;False;17,8;283;1,5
2026055;0 days 01:15:31.464000;12,4;76,0;1024,3;False;17,8;283;1,5
2026055;0 days 01:16:31.461000;12,5;76,0;1024,3;False;17,8;283;1,5
2026055;0 days 01:17:31.467000;13,1;74,4;1024,0;False;18,1;246;1,5
2026055;0 days 01:18:31.458000;12,7;73,4;1023,9;False;18,4;298;1,7
2026055;0 days 01:19:31.453000;12,6;73,4;1023,9;False;18,4;298;1,7
2026055;0 days 01:20:31.466000;12,9;73,1;1023,9;False;18,4;280;1,4
2026055;0 days 01:21:31.463000;12,8;72,3;1024,0;False;18,0;225;0,9
2026055;0 days 01:22:31.457000;12,7;72,3;1024,0;False;18,0;225;0,9
2026055;0 days 01:23:31.471000;12,9;72,3;1024,0;False;18,0;225;0,9
2026055;0 days 01:24:31.470000;12,8;72,4;1023,9;False;18,4;264;1,6
2026055;0 days 01:25:31.470000;12,9;72,0;1023,9;False;18,4;169;2,0
2026055;0 days 01:26:31.468000;12,7;72,0;1023,9;False;18,4;169;2,0
2026055;0 days 01:27:31.465000;12,7;72,0;1023,9;False;18,4;169;2,0
2026055;0 days 01:28:31.472000;12,8;72,0;1023,9;False;18,4;169;2,0
2026055;0 days 01:29:31.456000;13,0;70,9;1024,0;False;18,2;229;0,9
2026055;0 days 01:30:31.463000;13,3;71,0;1024,0;False;18,3;252;1,8
2026055;0 days 01:31:31.458000;12,9;71,0;1024,0;False;18,3;252;1,8
2026055;0 days 01:32:31.472000;13,1;71,0;1024,0;False;18,3;194;0,9
2026055;0 days 01:33:31.470000;12,8;71,0;1024,0;False;18,3;194;0,9
2026055;0 days 01:34:31.477000;12,8;71,0;1024,0;False;18,3;194;0,9
2026055;0 days 01:35:31.477000;12,8;71,0;1024,0;False;18,3;194;0,9
2026055;0 days 01:36:31.465000;12,9;71,0;1024,0;False;18,3;194;0,9
2026055;0 days 01:37:31.469000;12,9;71,0;1024,0;False;18,3;194;0,9
2026055;0 days 01:38:31.476000;13,2;68,0;1024,0;False;18,4;170;4,5
2026055;0 days 01:39:31.482000;13,4;67,5;1024,0;False;18,1;188;4,5
2026055;0 days 01:40:31.476000;13,4;67,8;1023,9;False;18,3;184;1,9
2026055;0 days 01:41:31.477000;13,0;67,8;1023,9;False;18,3;184;1,9
2026055;0 days 01:42:31.479000;13,5;68,2;1023,8;False;18,5;179;1,5
2026055;0 days 01:43:31.487000;13,3;68,9;1023,7;False;18,3;193;1,7
2026055;0 days 01:44:31.487000;13,3;69,2;1024,0;False;18,4;176;2,4
2026055;0 days 01:45:31.488000;13,1;69,2;1024,0;False;18,4;176;2,4
2026055;0 days 01:46:31.486000;13,3;69,6;1023,7;False;18,6;202;3,0
2026055;0 days 01:47:31.488000;13,1;69,6;1023,7;False;18,6;202;3,0
2026055;0 days 01:48:31.488000;13,4;67,9;1023,7;False;18,9;244;1,0
2026055;0 days 01:49:31.473000;13,2;67,9;1023,7;False;18,9;244;1,0
2026055;0 days 01:50:31.489000;13,1;67,9;1023,7;False;18,9;244;1,0
2026055;0 days 01:51:31.475000;13,5;66,7;1023,6;False;19,1;239;0,7
2026055;0 days 01:52:31.487000;13,3;66,7;1023,6;False;19,1;239;0,7
2026055;0 days 01:53:31.492000;13,6;66,2;1023,4;False;19,1;209;2,0
2026055;0 days 01:54:31.498000;13,6;66,1;1023,4;False;19,0;199;1,3
2026055;0 days 01:55:31.493000;13,1;66,1;1023,4;False;19,0;199;1,3
2026055;0 days 01:56:31.510000;13,5;65,6;1023,5;False;18,9;198;2,9
2026055;0 days 01:57:31.504000;13,2;65,6;1023,5;False;18,9;198;2,9
2026055;0 days 01:58:31.512000;13,7;65,6;1023,4;False;18,8;177;2,5
2026055;0 days 01:59:31.520000;13,2;65,6;1023,4;False;18,8;177;2,5
2026055;0 days 02:00:31.543000;13,2;65,6;1023,4;False;18,8;177;2,5
2026055;0 days 02:01:31.540000;13,2;65,6;1023,4;False;18,8;177;2,5
2026055;0 days 02:02:31.537000;13,2;65,6;1023,4;False;18,8;177;2,5
2026055;0 days 02:03:31.546000;13,6;66,5;1023,3;False;18,7;187;3,4
2026055;0 days 02:04:31.531000;13,5;66,9;1023,4;False;19,0;153;2,5
2026055;0 days 02:05:31.545000;13,7;66,4;1023,3;False;18,6;187;4,4
2026055;0 days 02:06:31.541000;13,2;66,4;1023,3;False;18,6;187;4,4
2026055;0 days 02:07:31.554000;13,5;66,3;1023,4;False;18,7;186;1,3
2026055;0 days 02:08:31.555000;13,6;66,4;1023,4;False;18,7;202;2,7
2026055;0 days 02:09:31.546000;13,2;66,4;1023,4;False;18,7;202;2,7
2026055;0 days 02:10:31.546000;13,5;66,7;1023,3;False;18,9;150;0,9
2026055;0 days 02:11:31.537000;13,7;66,3;1023,4;False;18,6;186;2,8
2026055;0 days 02:12:31.562000;13,2;66,3;1023,4;False;18,6;186;2,8
2026055;0 days 02:13:31.582000;13,6;66,8;1023,3;False;18,6;188;3,3
2026055;0 days 02:14:31.591000;13,3;66,8;1023,3;False;18,6;188;3,3
2026055;0 days 02:15:31.613000;13,3;66,8;1023,3;False;18,6;188;3,3
2026055;0 days 02:16:31.693000;13,4;66,8;1023,3;False;18,6;188;3,3
2026055;0 days 02:17:31.681000;13,2;66,8;1023,3;False;18,6;188;3,3
2026055;0 days 02:18:31.677000;13,5;66,8;1023,3;False;18,6;188;3,3
2026055;0 days 02:19:31.684000;13,2;66,8;1023,3;False;18,6;188;3,3
2026055;0 days 02:20:31.678000;13,2;66,8;1023,3;False;18,6;188;3,3
2026055;0 days 02:21:31.675000;13,4;66,8;1023,3;False;18,6;188;3,3
2026055;0 days 02:22:31.678000;13,4;66,3;1023,2;False;18,7;184;2,8
2026055;0 days 02:23:31.681000;13,2;66,3;1023,2;False;18,7;184;2,8
2026055;0 days 02:24:31.692000;13,6;66,4;1023,2;False;18,5;189;2,6
2026055;0 days 02:25:31.708000;13,6;66,4;1023,2;False;18,5;189;2,6
2026055;0 days 02:26:31.735000;13,5;65,4;1023,1;False;18,4;181;4,9
2026055;0 days 02:27:31.744000;13,7;65,8;1023,1;False;18,7;171;1,7
2026055;0 days 02:28:31.765000;13,1;65,8;1023,1;False;18,7;171;1,7
2026055;0 days 02:29:31.765000;13,2;65,8;1023,1;False;18,7;171;1,7
2026055;0 days 02:30:31.763000;13,2;65,8;1023,1;False;18,7;171;1,7
2026055;0 days 02:31:31.769000;13,5;66,0;1023,1;False;17,9;223;3,0
2026055;0 days 02:32:31.764000;13,2;66,0;1023,1;False;17,9;223;3,0
2026055;0 days 02:33:31.767000;13,4;66,3;1023,0;False;18,2;185;3,4
2026055;0 days 02:34:31.758000;13,3;66,3;1023,0;False;18,2;185;3,4
2026055;0 days 02:35:31.777000;13,4;66,8;1023,1;False;18,1;184;2,8
2026055;0 days 02:36:31.762000;13,5;66,9;1023,0;False;17,8;168;5,4
2026055;0 days 02:37:31.762000;13,4;66,9;1023,0;False;17,8;168;5,4
2026055;0 days 02:38:31.766000;13,3;66,9;1023,0;False;17,8;168;5,4
2026055;0 days 02:39:31.770000;13,4;67,8;1023,1;False;18,0;183;3,1
2026065;0 days 00:00:24.792000;23,3;64,7;1022,1;False;33,1;244;0,5
2026065;0 days 00:01:24.809000;23,4;64,1;1022,0;False;34,0;0;0,0
2026065;0 days 00:02:24.794000;23,0;64,1;1022,0;False;34,0;0;0,0
2026065;0 days 00:03:24.789000;23,3;63,5;1022,1;False;34,4;0;0,0
2026065;0 days 00:04:24.791000;23,5;63,7;1022,1;False;35,1;131;0,5
2026065;0 days 00:05:24.791000;23,4;63,4;1022,1;False;35,4;0;0,0
2026065;0 days 00:06:24.796000;23,4;63,4;1022,1;False;35,4;0;0,0
2026065;0 days 00:07:24.797000;23,8;62,6;1022,0;False;34,3;340;1,4
2026065;0 days 00:08:24.801000;22,9;62,6;1022,0;False;34,3;340;1,4
2026065;0 days 00:09:24.817000;23,8;64,5;1022,0;False;36,6;153;0,7
2026065;0 days 00:10:24.792000;23,8;64,5;1022,0;False;36,6;153;0,7
2026065;0 days 00:11:24.804000;24,0;64,1;1022,0;False;37,5;53;0,5
2026065;0 days 00:12:24.799000;24,0;64,1;1022,0;False;37,5;53;0,5
2026065;0 days 00:13:24.805000;23,1;64,1;1022,0;False;37,5;53;0,5
2026065;0 days 00:14:24.805000;23,3;62,5;1022,0;False;38,2;0;0,0
2026065;0 days 00:15:24.806000;23,3;62,5;1022,0;False;38,2;0;0,0
2026065;0 days 00:16:24.797000;23,5;61,5;1022,0;False;36,1;0;0,0
2026065;0 days 00:17:24.802000;23,5;61,5;1022,0;False;36,1;0;0,0
2026065;0 days 00:18:24.807000;23,8;59,1;1022,0;False;37,6;333;0,5
2026065;0 days 00:19:24.805000;22,6;59,0;1021,9;False;36,2;144;0,5
2026065;0 days 00:20:24.810000;22,6;59,0;1021,9;False;36,2;144;0,5
2026065;0 days 00:21:24.800000;22,8;61,2;1021,9;False;36,9;210;1,2
2026065;0 days 00:22:24.809000;23,0;61,2;1021,9;False;36,9;210;1,2
2026065;0 days 00:23:24.829000;23,0;61,2;1021,9;False;36,9;210;1,2
2026065;0 days 00:24:24.813000;24,3;59,3;1021,9;False;34,5;119;0,4
2026065;0 days 00:25:24.814000;23,7;59,3;1021,9;False;34,5;119;0,4
2026065;0 days 00:26:24.813000;24,0;61,0;1021,8;False;39,9;141;0,5
2026065;0 days 00:27:24.815000;23,9;61,2;1021,8;False;39,4;150;0,3
2026065;0 days 00:28:24.812000;23,9;61,3;1021,8;False;39,2;0;0,0
2026065;0 days 00:29:24.812000;23,9;60,6;1021,8;False;40,6;61;0,4
2026065;0 days 00:30:24.812000;23,9;61,0;1021,9;False;40,8;163;0,8
2026065;0 days 00:31:24.806000;23,7;61,0;1021,8;False;38,3;152;0,6
2026065;0 days 00:32:24.819000;23,6;61,6;1021,9;False;40,2;131;0,5
2026065;0 days 00:33:24.817000;23,9;63,0;1021,8;False;41,0;150;0,5
2026065;0 days 00:34:24.814000;23,9;63,0;1021,8;False;41,0;150;0,5
2026065;0 days 00:35:24.813000;23,7;62,2;1021,9;False;36,5;162;0,6
2026065;0 days 00:36:24.814000;23,6;61,0;1021,8;False;37,4;14;0,6
2026065;0 days 00:37:24.814000;23,7;60,7;1021,8;False;37,7;8;1,0
2026065;0 days 00:38:24.815000;23,8;59,2;1021,8;False;39,4;147;0,6
2026065;0 days 00:39:24.815000;23,8;59,2;1021,8;False;39,4;147;0,6
2026065;0 days 00:40:24.815000;23,6;61,1;1021,7;False;36,2;0;0,0
2026065;0 days 00:41:24.815000;23,8;61,0;1021,8;False;30,9;105;0,3
2026065;0 days 00:42:24.816000;23,7;59,2;1021,8;False;38,9;233;1,5
2026065;0 days 00:43:24.816000;23,7;60,1;1021,8;False;37,4;1;0,5
2026065;0 days 00:44:24.829000;23,6;63,0;1021,8;False;28,1;347;1,3
2026065;0 days 00:45:24.829000;23,6;63,0;1021,8;False;28,1;347;1,3
2026065;0 days 00:46:24.829000;23,7;62,0;1021,7;False;41,0;277;0,4
2026065;0 days 00:47:24.830000;23,5;64,0;1021,7;False;40,6;177;0,6
2026065;0 days 00:48:24.830000;23,6;64,0;1021,8;False;41,2;0;0,0
2026065;0 days 00:49:24.821000;23,6;62,8;1021,9;False;41,3;357;0,9
2026065;0 days 00:50:24.822000;23,7;61,5;1021,7;False;40,2;2;1,2
2026065;0 days 00:51:24.825000;23,7;60,5;1021,8;False;41,0;21;0,8
2026065;0 days 00:52:24.835000;23,6;60,5;1021,7;False;46,0;305;0,4
2026065;0 days 00:53:24.835000;23,6;61,3;1021,7;False;42,0;290;0,6
2026065;0 days 00:54:24.835000;23,6;62,6;1021,7;False;41,5;338;0,6
2026065;0 days 00:55:24.832000;23,7;61,8;1021,6;False;43,1;296;0,9
2026065;0 days 00:56:24.835000;23,7;61,8;1021,6;False;43,1;296;0,9
2026065;0 days 00:57:24.823000;23,9;60,7;1021,7;False;42,3;201;3,5
2026065;0 days 00:58:24.835000;24,0;61,6;1021,7;False;42,2;254;1,0
2026065;0 days 00:59:24.830000;24,0;60,6;1021,7;False;42,7;240;1,5
2026065;0 days 01:00:24.830000;24,1;60,4;1021,6;False;42,9;202;1,1
2026065;0 days 01:01:24.831000;24,1;60,0;1021,7;False;43,1;199;3,0
2026065;0 days 01:02:24.831000;24,1;59,6;1021,7;False;43,2;188;1,9
2026065;0 days 01:03:24.834000;24,0;60,0;1021,6;False;43,2;227;1,1
2026065;0 days 01:04:24.838000;24,1;59,1;1021,6;False;43,8;195;0,4
2026065;0 days 01:05:25.138000;24,1;58,7;1021,6;False;43,8;213;1,2
2026065;0 days 01:06:24.842000;24,2;57,8;1021,7;False;43,5;216;1,1
2026065;0 days 01:07:24.858000;24,2;57,8;1021,7;False;43,5;216;1,1
2026065;0 days 01:08:24.843000;24,2;57,6;1021,6;False;43,9;207;1,3
2026065;0 days 01:09:24.841000;24,1;57,0;1021,6;False;43,6;175;1,0
2026065;0 days 01:10:24.840000;24,3;56,7;1021,6;False;43,6;216;2,4
2026065;0 days 01:11:24.848000;24,3;57,5;1021,6;False;43,5;193;2,6
2026065;0 days 01:12:24.850000;24,4;57,2;1021,5;False;43,6;148;0,7
2026065;0 days 01:13:24.850000;24,5;57,0;1021,6;False;43,4;203;1,3
2026065;0 days 01:14:24.863000;24,4;58,0;1021,5;False;43,6;223;0,6
2026065;0 days 01:15:24.862000;24,4;58,6;1021,5;False;43,3;234;1,1
2026065;0 days 01:16:24.851000;24,4;57,8;1021,5;False;43,3;0;0,0
2026065;0 days 01:17:24.848000;24,5;58,1;1021,4;False;43,3;146;0,9
2026065;0 days 01:18:24.854000;24,5;58,1;1021,4;False;43,3;146;0,9
2026065;0 days 01:19:24.846000;24,4;59,3;1021,4;False;43,1;198;1,0
2026065;0 days 01:20:24.858000;24,3;59,7;1021,5;False;43,4;186;1,2
2026065;0 days 01:21:24.866000;24,3;59,3;1021,4;False;43,1;203;1,9
2026065;0 days 01:22:24.862000;24,3;59,5;1021,6;False;43,2;182;1,9
2026065;0 days 01:23:24.859000;24,3;59,3;1021,4;False;43,3;190;1,3
2026065;0 days 01:24:24.863000;24,3;59,3;1021,6;False;43,6;188;1,4
2026065;0 days 01:25:24.847000;24,3;59,6;1021,4;False;43,7;189;0,3
2026065;0 days 01:26:24.849000;24,2;59,8;1021,5;False;43,4;184;1,7
2026065;0 days 01:27:24.851000;24,3;59,7;1021,5;False;43,5;172;0,9
2026065;0 days 01:28:24.859000;24,2;59,5;1021,4;False;43,7;198;1,5
2026065;0 days 01:29:24.855000;24,2;59,5;1021,4;False;43,7;198;1,5
2026065;0 days 01:30:24.859000;24,2;59,1;1021,5;False;43,3;181;1,7
2026065;0 days 01:31:24.867000;24,3;59,1;1021,4;False;43,8;172;1,6
2026065;0 days 01:32:24.861000;24,3;59,6;1021,4;False;43,7;169;0,6
2026065;0 days 01:33:24.867000;24,1;59,6;1021,4;False;43,7;169;0,6
2026065;0 days 01:34:24.864000;24,4;59,6;1021,4;False;43,5;158;1,5
2026065;0 days 01:35:24.866000;24,3;59,7;1021,4;False;43,7;136;0,7
2026065;0 days 01:36:24.875000;24,2;60,0;1021,4;False;43,7;206;1,1
2026065;0 days 01:37:24.884000;24,4;60,4;1021,3;False;43,7;175;0,9
2026065;0 days 01:38:24.876000;24,4;60,1;1021,3;False;43,8;171;0,9
2026065;0 days 01:39:24.886000;24,3;60,7;1021,3;False;43,6;158;0,8
2026065;0 days 01:40:24.892000;24,3;60,7;1021,3;False;43,6;158;0,8
2026065;0 days 01:41:24.886000;24,1;60,6;1021,4;False;43,7;193;0,5
2026065;0 days 01:42:24.887000;24,1;60,3;1021,3;False;43,3;181;1,9
2026065;0 days 01:43:24.891000;24,1;59,6;1021,3;False;43,4;198;1,0
2026065;0 days 01:44:24.888000;24,0;59,7;1021,3;False;43,0;193;1,9
2026065;0 days 01:45:24.894000;24,0;59,9;1021,3;False;42,6;211;1,2
2026065;0 days 01:46:24.884000;23,9;60,3;1021,3;False;43,0;159;1,2
2026065;0 days 01:47:24.884000;23,8;61,0;1021,4;False;43,2;178;0,9
2026065;0 days 01:48:24.888000;23,8;61,0;1021,4;False;43,2;178;0,9
2026065;0 days 01:49:24.888000;24,0;59,3;1021,3;False;42,6;171;1,1
2026065;0 days 01:50:24.895000;23,9;59,5;1021,4;False;42,8;174;0,6
2026065;0 days 01:51:24.900000;23,9;59,5;1021,4;False;42,8;174;0,6
2026065;0 days 01:52:24.917000;23,9;60,3;1021,3;False;43,0;154;1,0
2026065;0 days 01:53:24.886000;23,9;60,3;1021,3;False;43,0;154;1,0
2026065;0 days 01:54:24.883000;23,9;59,9;1021,3;False;43,3;159;0,5
2026065;0 days 01:55:24.889000;23,9;59,9;1021,3;False;42,7;148;0,8
2026065;0 days 01:56:24.887000;24,0;59,8;1021,3;False;42,9;193;0,6
2026065;0 days 01:57:24.899000;24,0;60,0;1021,3;False;42,9;143;0,6
2026065;0 days 01:58:24.896000;24,0;60,0;1021,3;False;42,7;172;0,9
2026065;0 days 01:59:24.900000;24,0;59,9;1021,3;False;41,1;213;1,2
2026065;0 days 02:00:24.900000;24,0;60,0;1021,3;False;40,8;225;0,9
2026065;0 days 02:01:24.900000;24,0;60,4;1021,4;False;40,4;177;1,1
2026065;0 days 02:02:24.932000;24,0;60,4;1021,4;False;40,4;177;1,1
2026065;0 days 02:03:24.932000;23,9;59,5;1021,2;False;39,2;177;1,4
2026065;0 days 02:04:24.927000;23,8;59,7;1021,3;False;38,8;193;1,5
2026065;0 days 02:05:24.920000;23,8;59,9;1021,3;False;38,5;196;1,5
2026065;0 days 02:06:24.919000;23,8;60,2;1021,3;False;37,4;214;1,2
2026065;0 days 02:07:24.911000;23,8;60,3;1021,3;False;37,9;170;0,8
2026065;0 days 02:08:24.924000;23,8;60,6;1021,2;False;37,4;183;1,3
2026065;0 days 02:09:24.916000;23,8;61,3;1021,3;False;37,2;197;2,1
2026065;0 days 02:10:24.987000;23,9;61,0;1021,2;False;37,5;149;0,6
2026065;0 days 02:11:24.942000;24,1;60,8;1021,2;False;36,9;193;1,4
2026065;0 days 02:12:24.958000;24,0;60,7;1021,2;False;36,6;208;1,4
2026065;0 days 02:13:24.955000;23,9;60,4;1021,2;False;36,7;163;0,6
2026065;0 days 02:14:24.956000;23,8;60,5;1021,2;False;36,1;171;0,6
2026065;0 days 02:15:24.939000;23,7;61,5;1021,2;False;35,5;239;1,1
2026065;0 days 02:16:24.977000;23,7;61,7;1021,3;False;35,8;331;0,4
2026065;0 days 02:17:24.946000;23,6;62,2;1021,2;False;36,2;182;2,0
2026065;0 days 02:18:24.978000;23,5;63,3;1021,4;False;36,3;153;0,5
2026065;0 days 02:19:24.978000;23,5;62,2;1021,3;False;35,6;197;2,2
2026065;0 days 02:20:24.969000;23,6;62,5;1021,3;False;35,9;182;0,5
2026065;0 days 02:21:24.984000;23,6;61,8;1021,3;False;35,6;177;0,7
2026065;0 days 02:22:24.977000;23,6;62,0;1021,3;False;35,5;212;3,2
2026065;0 days 02:23:24.976000;23,5;62,5;1021,3;False;35,6;178;1,0
2026065;0 days 02:24:24.976000;23,6;61,7;1021,4;False;34,3;224;1,0
2026065;0 days 02:25:24.977000;23,6;61,5;1021,3;False;34,2;214;0,7
2026065;0 days 02:26:24.970000;23,6;62,8;1021,3;False;35,1;33;0,4
2026065;0 days 02:27:24.994000;23,6;62,8;1021,3;False;35,1;33;0,4
2026065;0 days 02:28:24.983000;23,4;64,4;1021,3;False;34,9;189;1,7
2026065;0 days 02:29:24.981000;23,4;64,6;1021,4;False;34,4;163;0,4
2026065;0 days 02:30:24.981000;23,3;65,7;1021,3;False;35,1;0;0,0
2026065;0 days 02:31:24.984000;23,4;64,9;1021,3;False;34,1;324;0,7
2026065;0 days 02:32:24.984000;23,3;64,0;1021,3;False;34,2;185;0,4
2026065;0 days 02:33:24.976000;23,3;65,5;1021,3;False;33,8;337;1,0
2026065;0 days 02:34:24.974000;23,3;65,7;1021,3;False;34,4;357;0,4
2026065;0 days 02:35:24.989000;23,3;65,7;1021,3;False;34,4;357;0,4
2026065;0 days 02:36:24.976000;23,4;66,1;1021,3;False;34,5;165;0,7
2026065;0 days 02:37:24.976000;23,4;66,1;1021,3;False;34,5;165;0,7
2026065;0 days 02:38:24.990000;23,3;64,9;1021,2;False;34,6;25;0,6
2026065;0 days 02:39:24.981000;23,3;65,6;1021,2;False;34,3;0;0,0
2026065;0 days 02:40:24.986000;23,3;65,0;1021,1;False;34,3;12;0,8
2026065;0 days 02:41:24.988000;23,3;65,4;1021,1;False;34,3;0;0,0
2026065;0 days 02:42:24.987000;23,3;65,1;1021,2;False;34,1;15;0,8
2026065;0 days 02:43:24.988000;23,2;65,4;1021,2;False;32,6;316;1,1
2026065;0 days 02:44:25.003000;23,2;66,5;1021,1;False;33,6;9;0,5
2026065;0 days 02:45:24.998000;23,1;67,9;1021,2;False;33,6;348;0,4
2026065;0 days 02:46:24.983000;23,1;67,9;1021,2;False;33,6;348;0,4
2026065;0 days 02:47:24.998000;23,0;68,1;1021,1;False;33,3;341;1,0
2026065;0 days 02:48:24.999000;23,0;68,0;1021,1;False;33,6;0;0,0
2026065;0 days 02:49:24.994000;23,0;68,9;1021,1;False;33,6;325;0,6
2026065;0 days 02:50:25;23,0;67,5;1021,0;False;32,6;231;1,4
2026065;0 days 02:51:25.002000;23,0;67,5;1021,0;False;32,6;231;1,4
2026065;0 days 02:52:24.991000;22,9;68,6;1021,1;False;33,3;0;0,0
2026065;0 days 02:53:24.992000;23,0;67,5;1021,1;False;32,9;316;0,5
2026065;0 days 02:54:25.001000;23,0;67,3;1021,1;False;33,5;333;0,4
2026065;0 days 02:55:25.005000;23,0;67,8;1021,0;False;32,9;7;0,5
2026065;0 days 02:56:25.004000;23,0;67,6;1021,0;False;33,5;0;0,0
2026065;0 days 02:57:25.055000;23,0;67,6;1021,0;False;33,5;0;0,0
2026065;0 days 02:58:25.018000;23,0;68,0;1021,0;False;33,5;4;0,5
2026065;0 days 02:59:25.001000;23,0;68,2;1021,0;False;33,6;0;0,0
2026065;0 days 03:00:25.001000;23,0;68,0;1021,0;False;33,2;349;0,6
2026065;0 days 03:01:25.019000;23,0;66,6;1021,1;False;33,5;359;0,4
2026065;0 days 03:02:25.010000;23,0;66,9;1021,1;False;33,4;352;0,5
2026065;0 days 03:03:25.010000;23,1;66,3;1021,1;False;32,2;229;1,2
2026065;0 days 03:04:25.001000;23,0;66,5;1021,1;False;33,3;169;0,4
2026065;0 days 03:05:25.026000;23,0;68,0;1021,1;False;33,1;31;0,6
2026065;0 days 03:06:25.021000;23,0;67,5;1021,1;False;33,2;141;0,4
2026065;0 days 03:07:25.018000;23,0;67,8;1021,0;False;33,2;125;0,6
2026065;0 days 03:08:25.030000;23,0;67,8;1021,0;False;33,2;125;0,6
2026065;0 days 03:09:25.040000;23,1;65,7;1021,1;False;33,3;124;0,7
2026065;0 days 03:10:25.031000;23,2;65,0;1021,0;False;33,2;0;0,0
2026065;0 days 03:11:25.031000;23,2;64,6;1021,1;False;33,0;144;0,5
2026065;0 days 03:12:25.030000;23,3;64,7;1021,0;False;33,1;210;1,5
2026065;0 days 03:13:25.019000;23,4;64,3;1021,0;False;33,0;173;1,1
2026065;0 days 03:14:25.033000;23,5;63,9;1021,0;False;32,5;240;1,0
2026065;0 days 03:15:25.026000;23,6;63,1;1020,9;False;32,5;206;0,7
2026065;0 days 03:16:25.023000;23,6;63,5;1021,0;False;32,8;190;0,5
2026065;0 days 03:17:25.026000;23,6;63,6;1020,9;False;32,5;200;2,8
2026065;0 days 03:18:25.030000;23,6;63,1;1021,0;False;32,2;205;0,5
2026065;0 days 03:19:25.038000;23,6;63,1;1021,0;False;32,2;205;0,5
2026065;0 days 03:20:25.024000;23,6;63,1;1021,0;False;32,2;206;2,0
2026065;0 days 03:21:25.034000;23,6;63,0;1021,0;False;32,3;207;0,6
2026065;0 days 03:22:25.031000;23,5;63,5;1020,9;False;32,0;170;0,4
2026065;0 days 03:23:25.025000;23,5;63,9;1021,0;False;31,9;0;0,0
2026065;0 days 03:24:25.032000;23,5;64,3;1020,9;False;31,3;254;0,5
2026065;0 days 03:25:25.042000;23,4;64,9;1020,9;False;31,9;7;0,7
2026065;0 days 03:26:25.044000;23,4;64,9;1020,9;False;31,9;7;0,7
2026065;0 days 03:27:25.039000;23,3;65,8;1020,9;False;31,9;0;0,0
2026075;0 days 00:00:39.641000;30,7;30,2;1001,0;False;50,4;116;4,0
2026075;0 days 00:01:39.646000;30,7;30,3;1000,9;False;50,7;102;2,1
2026075;0 days 00:02:39.647000;30,6;30,7;1001,0;False;51,3;93;2,9
2026075;0 days 00:03:39.646000;30,7;30,3;1000,9;False;50,5;145;4,3
2026075;0 days 00:04:39.646000;30,7;30,0;1000,9;False;50,3;122;2,9
2026075;0 days 00:05:39.659000;30,6;30,5;1001,0;False;50,3;181;2,9
2026075;0 days 00:06:39.642000;30,6;30,4;1000,9;False;51,9;144;2,0
2026075;0 days 00:07:39.651000;30,6;30,1;1000,9;False;50,3;144;3,4
2026075;0 days 00:08:39.642000;30,5;30,0;1000,8;False;50,7;87;2,9
2026075;0 days 00:09:39.643000;30,4;30,3;1000,9;False;50,8;167;2,1
2026075;0 days 00:10:39.655000;30,5;30,9;1000,8;False;51,8;168;1,4
2026075;0 days 00:11:39.647000;30,6;30,5;1000,8;False;51,4;149;1,9
2026075;0 days 00:12:39.656000;30,6;30,1;1000,8;False;51,6;163;3,3
2026075;0 days 00:13:39.662000;30,6;29,7;1000,8;False;50,7;156;2,2
2026075;0 days 00:14:39.663000;30,6;30,2;1000,9;False;51,4;169;0,8
2026075;0 days 00:15:39.663000;30,6;30,3;1000,9;False;51,7;88;1,6
2026075;0 days 00:16:39.660000;30,6;30,0;1000,9;False;50,2;99;4,5
2026075;0 days 00:17:39.661000;30,6;30,0;1000,8;False;51,4;132;1,1
2026075;0 days 00:18:39.665000;30,6;29,6;1000,8;False;50,8;129;2,5
2026075;0 days 00:19:39.666000;30,5;29,7;1000,8;False;50,8;92;4,1
2026075;0 days 00:20:39.672000;30,5;29,4;1000,7;False;49,8;102;3,7
2026075;0 days 00:21:39.662000;30,5;30,0;1000,7;False;51,4;85;1,0
2026075;0 days 00:22:39.665000;30,5;30,6;1000,7;False;52,1;118;1,5
2026075;0 days 00:23:39.667000;30,5;29,2;1000,7;False;49,7;84;5,2
2026075;0 days 00:24:39.656000;30,5;30,0;1000,7;False;50,7;128;4,1
2026075;0 days 00:25:39.659000;30,6;30,3;1000,7;False;50,6;155;4,0
2026075;0 days 00:26:39.662000;30,6;29,6;1000,7;False;50,7;135;2,6
2026075;0 days 00:27:39.671000;30,7;30,5;1000,7;False;51,4;141;2,9
2026075;0 days 00:28:39.669000;30,7;29,9;1000,7;False;51,3;106;3,4
2026075;0 days 00:29:39.671000;30,8;29,4;1000,7;False;51,9;96;1,1
2026075;0 days 00:30:39.672000;30,8;29,0;1000,7;False;51,2;156;3,3
2026075;0 days 00:31:39.669000;30,8;29,3;1000,7;False;51,1;140;2,7
2026075;0 days 00:32:39.675000;30,7;29,6;1000,7;False;51,3;128;1,2
2026075;0 days 00:33:39.688000;30,7;29,7;1000,7;False;50,6;123;3,6
2026075;0 days 00:34:39.665000;30,6;29,7;1000,7;False;50,0;115;3,5
2026075;0 days 00:35:39.684000;30,7;29,8;1000,7;False;50,7;160;4,6
2026075;0 days 00:36:39.669000;30,7;30,2;1000,6;False;50,5;101;3,3
2026075;0 days 00:37:39.675000;30,8;29,8;1000,6;False;49,7;146;2,8
2026075;0 days 00:38:39.695000;30,8;30,3;1000,7;False;51,6;148;2,7
2026075;0 days 00:39:39.695000;30,7;29,8;1000,6;False;51,0;194;1,1
2026075;0 days 00:40:39.699000;30,7;29,7;1000,5;False;50,4;157;3,0
2026075;0 days 00:41:39.739000;30,7;30,0;1000,7;False;50,7;152;3,8
2026075;0 days 00:42:39.715000;30,6;29,7;1000,6;False;49,8;121;4,0
2026075;0 days 00:43:39.710000;30,6;29,9;1000,7;False;49,9;137;3,6
2026075;0 days 00:44:39.728000;30,5;29,9;1000,6;False;50,9;151;3,6
2026075;0 days 00:45:39.729000;30,7;29,9;1000,6;False;50,9;129;2,8
2026075;0 days 00:46:39.736000;30,7;29,8;1000,6;False;51,1;151;2,6
2026075;0 days 00:47:39.736000;30,6;29,4;1000,6;False;51,7;159;3,2
2026075;0 days 00:48:39.734000;30,7;29,2;1000,6;False;51,6;150;2,0
2026075;0 days 00:49:39.740000;30,7;29,3;1000,7;False;50,7;156;3,2
2026075;0 days 00:50:39.754000;30,6;29,6;1000,6;False;51,1;162;3,0
2026075;0 days 00:51:39.776000;30,6;30,0;1000,7;False;51,5;118;3,5
2026075;0 days 00:52:39.779000;30,8;29,5;1000,7;False;51,4;117;3,9
2026075;0 days 00:53:39.777000;30,9;29,4;1000,7;False;52,3;108;1,9
2026075;0 days 00:54:39.776000;30,8;28,5;1000,7;False;51,7;105;1,7
2026075;0 days 00:55:39.804000;30,9;28,4;1000,6;False;50,6;89;3,9
2026075;0 days 00:56:39.824000;30,7;28,4;1000,6;False;49,9;91;4,3
2026075;0 days 00:57:39.824000;30,7;28,8;1000,7;False;51,4;99;1,5
2026075;0 days 00:58:39.822000;30,7;28,6;1000,6;False;51,1;112;2,6
2026075;0 days 00:59:39.825000;30,8;27,9;1000,6;False;51,1;84;2,7
2026075;0 days 01:00:39.817000;30,8;27,4;1000,5;False;50,2;96;4,3
2026075;0 days 01:01:39.823000;30,7;28,4;1000,5;False;50,8;75;3,3
2026075;0 days 01:02:39.843000;30,7;28,2;1000,7;False;51,1;65;2,3
2026075;0 days 01:03:39.863000;30,9;28,0;1000,7;False;50,3;119;2,2
2026075;0 days 01:04:39.866000;31,0;28,1;1000,6;False;50,0;156;2,7
2026075;0 days 01:05:39.870000;31,0;29,0;1000,5;False;51,5;62;2,8
2026075;0 days 01:06:39.883000;30,9;28,0;1000,5;False;50,4;101;3,1
2026075;0 days 01:07:39.880000;30,9;28,0;1000,5;False;49,7;120;5,1
2026075;0 days 01:08:39.894000;30,9;28,3;1000,7;False;49,0;143;3,9
2026075;0 days 01:09:39.872000;30,9;28,5;1000,6;False;49,4;147;2,3
2026075;0 days 01:10:39.885000;30,9;28,3;1000,5;False;50,7;127;1,4
2026075;0 days 01:11:39.885000;30,9;28,5;1000,5;False;50,5;91;2,3
2026075;0 days 01:12:39.901000;30,8;27,7;1000,4;False;50,7;62;1,4
2026075;0 days 01:13:39.917000;30,9;27,6;1000,5;False;51,2;360;0,4
2026075;0 days 01:14:39.930000;31,0;27,5;1000,5;False;50,7;139;2,5
2026075;0 days 01:15:39.935000;31,0;28,1;1000,4;False;51,0;79;1,2
2026075;0 days 01:16:39.932000;31,1;28,2;1000,5;False;51,2;170;2,5
2026075;0 days 01:17:39.934000;31,1;27,8;1000,4;False;50,2;165;3,1
2026075;0 days 01:18:39.938000;30,9;28,0;1000,3;False;49,9;110;3,1
2026075;0 days 01:19:39.954000;30,9;28,4;1000,2;False;50,5;126;1,5
2026075;0 days 01:20:39.968000;30,9;28,2;1000,4;False;49,8;105;3,8
2026075;0 days 01:21:39.968000;30,9;28,6;1000,2;False;49,6;122;2,4
2026075;0 days 01:22:39.977000;30,9;28,6;1000,3;False;49,3;110;3,6
2026075;0 days 01:23:39.967000;30,9;29,0;1000,4;False;50,1;96;1,7
2026075;0 days 01:24:39.976000;31,0;28,1;1000,3;False;50,6;76;3,0
2026075;0 days 01:25:39.975000;31,0;27,8;1000,3;False;49,6;112;3,4
2026075;0 days 01:26:39.990000;30,9;27,6;1000,4;False;49,8;88;2,0
2026075;0 days 01:27:39.974000;30,8;27,4;1000,3;False;50,6;86;2,0
2026075;0 days 01:28:39.968000;30,8;27,8;1000,3;False;49,7;85;3,7
2026075;0 days 01:29:39.979000;30,8;27,6;1000,5;False;49,0;119;3,6
2026075;0 days 01:30:39.980000;30,9;28,2;1000,5;False;51,0;144;0,7
2026075;0 days 01:31:39.984000;30,9;27,7;1000,5;False;49,8;88;3,0
2026075;0 days 01:32:39.982000;30,8;27,9;1000,4;False;48,9;113;3,2
2026075;0 days 01:33:39.993000;30,6;28,3;1000,4;False;48,7;81;4,9
2026075;0 days 01:34:39.971000;30,5;28,3;1000,5;False;50,3;142;3,0
2026075;0 days 01:35:39.983000;30,4;28,3;1000,4;False;49,2;128;2,7
2026075;0 days 01:36:39.991000;30,3;28,4;1000,4;False;49,0;98;2,6
2026075;0 days 01:37:39.976000;30,3;28,5;1000,4;False;48,5;101;4,2
2026075;0 days 01:38:39.985000;29,8;27,9;1000,5;False;49,2;87;3,6
2026075;0 days 01:39:39.993000;29,8;27,9;1000,5;False;49,2;87;3,6
2026075;0 days 01:40:39.980000;30,2;28,4;1000,4;False;49,9;66;3,5
2026075;0 days 01:41:39.981000;30,2;28,4;1000,4;False;49,9;66;3,5
2026075;0 days 01:42:39.991000;30,2;28,8;1000,5;False;49,5;101;3,8
2026075;0 days 01:43:39.995000;30,1;28,9;1000,4;False;49,6;110;3,7
2026075;0 days 01:44:39.996000;30,2;29,1;1000,4;False;50,9;96;1,3
2026075;0 days 01:45:39.983000;30,3;28,9;1000,4;False;50,5;105;2,4
2026075;0 days 01:46:39.999000;30,3;28,9;1000,4;False;50,5;105;2,4
2026075;0 days 01:47:39.985000;30,3;28,8;1000,4;False;50,5;90;1,7
2026075;0 days 01:48:39.997000;30,4;28,4;1000,4;False;50,4;86;2,4
2026075;0 days 01:49:40.002000;30,3;27,6;1000,5;False;49,2;87;2,3
2026075;0 days 01:50:39.993000;30,1;28,5;1000,4;False;49,2;82;2,2
2026075;0 days 01:51:39.989000;30,1;29,5;1000,5;False;49,5;161;2,4
2026075;0 days 01:52:39.999000;30,1;29,6;1000,5;False;50,3;176;1,9
2026075;0 days 01:53:39.987000;30,1;29,2;1000,5;False;50,6;75;1,6
2026075;0 days 01:54:39.990000;30,2;28,5;1000,5;False;50,7;99;1,1
2026075;0 days 01:55:39.991000;30,3;28,4;1000,3;False;50,5;0;0,0
2026075;0 days 01:56:40.004000;30,3;27,0;1000,3;False;48,4;120;3,7
2026075;0 days 01:57:39.992000;30,1;27,4;1000,4;False;49,4;85;2,7
2026075;0 days 01:58:40.002000;29,9;28,2;1000,4;False;49,8;106;3,0
2026075;0 days 01:59:40.003000;30,0;28,4;1000,5;False;49,5;116;2,0
2026075;0 days 02:00:39.993000;30,1;28,5;1000,3;False;49,7;108;1,2
2026075;0 days 02:01:39.996000;30,2;28,7;1000,4;False;50,0;79;2,6
2026075;0 days 02:02:40.025000;30,3;28,5;1000,5;False;50,4;66;1,3
2026075;0 days 02:03:40.021000;30,4;28,2;1000,4;False;50,8;111;1,5
2026075;0 days 02:04:40.035000;30,5;28,0;1000,3;False;50,8;78;1,9
2026075;0 days 02:05:40.055000;30,6;27,8;1000,4;False;50,1;82;2,2
2026075;0 days 02:06:40.064000;30,5;28,5;1000,4;False;50,5;89;1,3
2026075;0 days 02:07:40.077000;30,3;27,4;1000,4;False;49,6;104;2,6
2026075;0 days 02:08:40.118000;30,2;27,9;1000,4;False;50,3;0;0,0
2026075;0 days 02:09:40.122000;30,3;27,5;1000,4;False;50,3;67;1,6
2026075;0 days 02:10:40.113000;29,9;27,2;1000,3;False;48,7;109;1,6
2026075;0 days 02:11:40.126000;29,9;27,2;1000,3;False;48,7;109;1,6
2026075;0 days 02:12:40.129000;29,9;27,4;1000,4;False;49,8;65;2,7
2026075;0 days 02:13:40.133000;30,0;27,8;1000,3;False;49,4;65;1,4
2026075;0 days 02:14:40.153000;30,1;27,9;1000,3;False;49,0;89;2,3
2026075;0 days 02:15:40.181000;30,1;27,9;1000,3;False;48,6;99;2,7
2026075;0 days 02:16:40.182000;30,1;28,1;1000,3;False;49,0;127;1,3
2026075;0 days 02:17:40.179000;30,2;28,4;1000,4;False;49,3;89;1,8
2026075;0 days 02:18:40.198000;30,2;28,3;1000,3;False;49,2;121;2,2
2026075;0 days 02:19:40.187000;30,2;28,5;1000,3;False;49,3;133;2,2
2026075;0 days 02:20:40.186000;30,4;28,6;1000,3;False;49,3;128;1,0
2026075;0 days 02:21:40.211000;30,3;28,4;1000,3;False;48,4;104;2,2
2026075;0 days 02:22:40.206000;30,3;28,7;1000,3;False;49,7;151;1,6
2026075;0 days 02:23:40.235000;30,3;29,3;1000,3;False;48,8;101;3,2
2026075;0 days 02:24:40.245000;30,1;29,1;1000,3;False;48,4;81;3,6
2026075;0 days 02:25:40.236000;30,0;29,8;1000,3;False;49,8;145;1,0
2026075;0 days 02:26:40.259000;29,9;29,4;1000,3;False;49,5;88;2,7
2026075;0 days 02:27:40.256000;29,8;29,2;1000,3;False;50,0;79;0,9
2026075;0 days 02:28:40.259000;30,0;28,8;1000,3;False;49,8;116;0,9
2026075;0 days 02:29:40.256000;30,1;28,1;1000,4;False;50,0;102;0,9
